ea_id,ea_slug,symbol_slot,symbol,magic,reserved_at,reserved_by,status
1001,breakout-atr,0,EURUSD.DWX,10010000,2026-04-27,CTO,active
1001,breakout-atr,1,AUDCHF.DWX,10010001,2026-05-01,Board-Advisor,active
1001,breakout-atr,2,AUDJPY.DWX,10010002,2026-05-01,Board-Advisor,active
1001,breakout-atr,3,AUDNZD.DWX,10010003,2026-05-01,Board-Advisor,active
1001,breakout-atr,4,AUDUSD.DWX,10010004,2026-05-01,Board-Advisor,active
1001,breakout-atr,5,CADCHF.DWX,10010005,2026-05-01,Board-Advisor,active
1001,breakout-atr,6,CADJPY.DWX,10010006,2026-05-01,Board-Advisor,active
1001,breakout-atr,7,CHFJPY.DWX,10010007,2026-05-01,Board-Advisor,active
1001,breakout-atr,8,EURAUD.DWX,10010008,2026-05-01,Board-Advisor,active
1001,breakout-atr,9,EURCAD.DWX,10010009,2026-05-01,Board-Advisor,active
1001,breakout-atr,10,EURCHF.DWX,10010010,2026-05-01,Board-Advisor,active
1001,breakout-atr,11,EURGBP.DWX,10010011,2026-05-01,Board-Advisor,active
1001,breakout-atr,12,EURJPY.DWX,10010012,2026-05-01,Board-Advisor,active
1001,breakout-atr,13,EURNZD.DWX,10010013,2026-05-01,Board-Advisor,active
1001,breakout-atr,15,GBPAUD.DWX,10010015,2026-05-01,Board-Advisor,active
1001,breakout-atr,16,GBPCAD.DWX,10010016,2026-05-01,Board-Advisor,active
1001,breakout-atr,17,GBPCHF.DWX,10010017,2026-05-01,Board-Advisor,active
1001,breakout-atr,18,GBPJPY.DWX,10010018,2026-05-01,Board-Advisor,active
1001,breakout-atr,19,GBPNZD.DWX,10010019,2026-05-01,Board-Advisor,active
1001,breakout-atr,20,GBPUSD.DWX,10010020,2026-05-01,Board-Advisor,active
1001,breakout-atr,21,GDAXIm.DWX,10010021,2026-05-01,Board-Advisor,active
1001,breakout-atr,22,NDXm.DWX,10010022,2026-05-01,Board-Advisor,active
1001,breakout-atr,23,NZDCAD.DWX,10010023,2026-05-01,Board-Advisor,active
1001,breakout-atr,24,NZDCHF.DWX,10010024,2026-05-01,Board-Advisor,active
1001,breakout-atr,25,NZDJPY.DWX,10010025,2026-05-01,Board-Advisor,active
1001,breakout-atr,26,NZDUSD.DWX,10010026,2026-05-01,Board-Advisor,active
1001,breakout-atr,27,UK100.DWX,10010027,2026-05-01,Board-Advisor,active
1001,breakout-atr,28,USDCAD.DWX,10010028,2026-05-01,Board-Advisor,active
1001,breakout-atr,29,USDCHF.DWX,10010029,2026-05-01,Board-Advisor,active
1001,breakout-atr,30,USDJPY.DWX,10010030,2026-05-01,Board-Advisor,active
1001,breakout-atr,31,WS30.DWX,10010031,2026-05-01,Board-Advisor,active
1001,breakout-atr,32,XAGUSD.DWX,10010032,2026-05-01,Board-Advisor,active
1001,breakout-atr,33,XAUUSD.DWX,10010033,2026-05-01,Board-Advisor,active
1001,breakout-atr,34,XNGUSD.DWX,10010034,2026-05-01,Board-Advisor,active
1001,breakout-atr,35,XTIUSD.DWX,10010035,2026-05-01,Board-Advisor,active
1002,davey-eu-night,0,AUDCAD.DWX,10020000,2026-05-01,Board-Advisor,active
1002,davey-eu-night,1,AUDCHF.DWX,10020001,2026-05-01,Board-Advisor,active
1002,davey-eu-night,2,AUDJPY.DWX,10020002,2026-05-01,Board-Advisor,active
1002,davey-eu-night,3,AUDNZD.DWX,10020003,2026-05-01,Board-Advisor,active
1002,davey-eu-night,4,AUDUSD.DWX,10020004,2026-05-01,Board-Advisor,active
1002,davey-eu-night,5,CADCHF.DWX,10020005,2026-05-01,Board-Advisor,active
1002,davey-eu-night,6,CADJPY.DWX,10020006,2026-05-01,Board-Advisor,active
1002,davey-eu-night,7,CHFJPY.DWX,10020007,2026-05-01,Board-Advisor,active
1002,davey-eu-night,8,EURAUD.DWX,10020008,2026-05-01,Board-Advisor,active
1002,davey-eu-night,9,EURCAD.DWX,10020009,2026-05-01,Board-Advisor,active
1002,davey-eu-night,10,EURCHF.DWX,10020010,2026-05-01,Board-Advisor,active
1002,davey-eu-night,11,EURGBP.DWX,10020011,2026-05-01,Board-Advisor,active
1002,davey-eu-night,12,EURJPY.DWX,10020012,2026-05-01,Board-Advisor,active
1002,davey-eu-night,13,EURNZD.DWX,10020013,2026-05-01,Board-Advisor,active
1002,davey-eu-night,14,EURUSD.DWX,10020014,2026-05-01,Board-Advisor,active
1002,davey-eu-night,15,GBPAUD.DWX,10020015,2026-05-01,Board-Advisor,active
1002,davey-eu-night,16,GBPCAD.DWX,10020016,2026-05-01,Board-Advisor,active
1002,davey-eu-night,17,GBPCHF.DWX,10020017,2026-05-01,Board-Advisor,active
1002,davey-eu-night,18,GBPJPY.DWX,10020018,2026-05-01,Board-Advisor,active
1002,davey-eu-night,19,GBPNZD.DWX,10020019,2026-05-01,Board-Advisor,active
1002,davey-eu-night,20,GBPUSD.DWX,10020020,2026-05-01,Board-Advisor,active
1002,davey-eu-night,21,GDAXIm.DWX,10020021,2026-05-01,Board-Advisor,active
1002,davey-eu-night,22,NDXm.DWX,10020022,2026-05-01,Board-Advisor,active
1002,davey-eu-night,23,NZDCAD.DWX,10020023,2026-05-01,Board-Advisor,active
1002,davey-eu-night,24,NZDCHF.DWX,10020024,2026-05-01,Board-Advisor,active
1002,davey-eu-night,25,NZDJPY.DWX,10020025,2026-05-01,Board-Advisor,active
1002,davey-eu-night,26,NZDUSD.DWX,10020026,2026-05-01,Board-Advisor,active
1002,davey-eu-night,27,UK100.DWX,10020027,2026-05-01,Board-Advisor,active
1002,davey-eu-night,28,USDCAD.DWX,10020028,2026-05-01,Board-Advisor,active
1002,davey-eu-night,29,USDCHF.DWX,10020029,2026-05-01,Board-Advisor,active
1002,davey-eu-night,30,USDJPY.DWX,10020030,2026-05-01,Board-Advisor,active
1002,davey-eu-night,31,WS30.DWX,10020031,2026-05-01,Board-Advisor,active
1002,davey-eu-night,32,XAGUSD.DWX,10020032,2026-05-01,Board-Advisor,active
1002,davey-eu-night,33,XAUUSD.DWX,10020033,2026-05-01,Board-Advisor,active
1002,davey-eu-night,34,XNGUSD.DWX,10020034,2026-05-01,Board-Advisor,active
1002,davey-eu-night,35,XTIUSD.DWX,10020035,2026-05-01,Board-Advisor,active
1003,davey-baseline-3bar,0,AUDCAD.DWX,10030000,2026-05-01,Board-Advisor,active
1003,davey-baseline-3bar,1,AUDCHF.DWX,10030001,2026-05-01,Board-Advisor,active
1003,davey-baseline-3bar,2,AUDJPY.DWX,10030002,2026-05-01,Board-Advisor,active
1003,davey-baseline-3bar,3,AUDNZD.DWX,10030003,2026-05-01,Board-Advisor,active
1003,davey-baseline-3bar,4,AUDUSD.DWX,10030004,2026-05-01,Board-Advisor,active
1003,davey-baseline-3bar,5,CADCHF.DWX,10030005,2026-05-01,Board-Advisor,active
1003,davey-baseline-3bar,6,CADJPY.DWX,10030006,2026-05-01,Board-Advisor,active
1003,davey-baseline-3bar,7,CHFJPY.DWX,10030007,2026-05-01,Board-Advisor,active
1003,davey-baseline-3bar,8,EURAUD.DWX,10030008,2026-05-01,Board-Advisor,active
1003,davey-baseline-3bar,9,EURCAD.DWX,10030009,2026-05-01,Board-Advisor,active
1003,davey-baseline-3bar,10,EURCHF.DWX,10030010,2026-05-01,Board-Advisor,active
1003,davey-baseline-3bar,11,EURGBP.DWX,10030011,2026-05-01,Board-Advisor,active
1003,davey-baseline-3bar,12,EURJPY.DWX,10030012,2026-05-01,Board-Advisor,active
1003,davey-baseline-3bar,13,EURNZD.DWX,10030013,2026-05-01,Board-Advisor,active
1003,davey-baseline-3bar,14,EURUSD.DWX,10030014,2026-05-01,Board-Advisor,active
1003,davey-baseline-3bar,15,GBPAUD.DWX,10030015,2026-05-01,Board-Advisor,active
1003,davey-baseline-3bar,16,GBPCAD.DWX,10030016,2026-05-01,Board-Advisor,active
1003,davey-baseline-3bar,17,GBPCHF.DWX,10030017,2026-05-01,Board-Advisor,active
1003,davey-baseline-3bar,18,GBPJPY.DWX,10030018,2026-05-01,Board-Advisor,active
1003,davey-baseline-3bar,19,GBPNZD.DWX,10030019,2026-05-01,Board-Advisor,active
1003,davey-baseline-3bar,20,GBPUSD.DWX,10030020,2026-05-01,Board-Advisor,active
1003,davey-baseline-3bar,21,GDAXIm.DWX,10030021,2026-05-01,Board-Advisor,active
1003,davey-baseline-3bar,22,NDXm.DWX,10030022,2026-05-01,Board-Advisor,active
1003,davey-baseline-3bar,23,NZDCAD.DWX,10030023,2026-05-01,Board-Advisor,active
1003,davey-baseline-3bar,24,NZDCHF.DWX,10030024,2026-05-01,Board-Advisor,active
1003,davey-baseline-3bar,25,NZDJPY.DWX,10030025,2026-05-01,Board-Advisor,active
1003,davey-baseline-3bar,26,NZDUSD.DWX,10030026,2026-05-01,Board-Advisor,active
1003,davey-baseline-3bar,27,UK100.DWX,10030027,2026-05-01,Board-Advisor,active
1003,davey-baseline-3bar,28,USDCAD.DWX,10030028,2026-05-01,Board-Advisor,active
1003,davey-baseline-3bar,29,USDCHF.DWX,10030029,2026-05-01,Board-Advisor,active
1003,davey-baseline-3bar,30,USDJPY.DWX,10030030,2026-05-01,Board-Advisor,active
1003,davey-baseline-3bar,31,WS30.DWX,10030031,2026-05-01,Board-Advisor,active
1003,davey-baseline-3bar,32,XAGUSD.DWX,10030032,2026-05-01,Board-Advisor,active
1003,davey-baseline-3bar,33,XAUUSD.DWX,10030033,2026-05-01,Board-Advisor,active
1003,davey-baseline-3bar,34,XNGUSD.DWX,10030034,2026-05-01,Board-Advisor,active
1003,davey-baseline-3bar,35,XTIUSD.DWX,10030035,2026-05-01,Board-Advisor,active
1004,davey-es-breakout,0,AUDCAD.DWX,10040000,2026-05-01,Board-Advisor,active
1004,davey-es-breakout,1,AUDCHF.DWX,10040001,2026-05-01,Board-Advisor,active
1004,davey-es-breakout,2,AUDJPY.DWX,10040002,2026-05-01,Board-Advisor,active
1004,davey-es-breakout,3,AUDNZD.DWX,10040003,2026-05-01,Board-Advisor,active
1004,davey-es-breakout,4,AUDUSD.DWX,10040004,2026-05-01,Board-Advisor,active
1004,davey-es-breakout,5,CADCHF.DWX,10040005,2026-05-01,Board-Advisor,active
1004,davey-es-breakout,6,CADJPY.DWX,10040006,2026-05-01,Board-Advisor,active
1004,davey-es-breakout,7,CHFJPY.DWX,10040007,2026-05-01,Board-Advisor,active
1004,davey-es-breakout,8,EURAUD.DWX,10040008,2026-05-01,Board-Advisor,active
1004,davey-es-breakout,9,EURCAD.DWX,10040009,2026-05-01,Board-Advisor,active
1004,davey-es-breakout,10,EURCHF.DWX,10040010,2026-05-01,Board-Advisor,active
1004,davey-es-breakout,11,EURGBP.DWX,10040011,2026-05-01,Board-Advisor,active
1004,davey-es-breakout,12,EURJPY.DWX,10040012,2026-05-01,Board-Advisor,active
1004,davey-es-breakout,13,EURNZD.DWX,10040013,2026-05-01,Board-Advisor,active
1004,davey-es-breakout,14,EURUSD.DWX,10040014,2026-05-01,Board-Advisor,active
1004,davey-es-breakout,15,GBPAUD.DWX,10040015,2026-05-01,Board-Advisor,active
1004,davey-es-breakout,16,GBPCAD.DWX,10040016,2026-05-01,Board-Advisor,active
1004,davey-es-breakout,17,GBPCHF.DWX,10040017,2026-05-01,Board-Advisor,active
1004,davey-es-breakout,18,GBPJPY.DWX,10040018,2026-05-01,Board-Advisor,active
1004,davey-es-breakout,19,GBPNZD.DWX,10040019,2026-05-01,Board-Advisor,active
1004,davey-es-breakout,20,GBPUSD.DWX,10040020,2026-05-01,Board-Advisor,active
1004,davey-es-breakout,21,GDAXIm.DWX,10040021,2026-05-01,Board-Advisor,active
1004,davey-es-breakout,22,NDXm.DWX,10040022,2026-05-01,Board-Advisor,active
1004,davey-es-breakout,23,NZDCAD.DWX,10040023,2026-05-01,Board-Advisor,active
1004,davey-es-breakout,24,NZDCHF.DWX,10040024,2026-05-01,Board-Advisor,active
1004,davey-es-breakout,25,NZDJPY.DWX,10040025,2026-05-01,Board-Advisor,active
1004,davey-es-breakout,26,NZDUSD.DWX,10040026,2026-05-01,Board-Advisor,active
1004,davey-es-breakout,27,UK100.DWX,10040027,2026-05-01,Board-Advisor,active
1004,davey-es-breakout,28,USDCAD.DWX,10040028,2026-05-01,Board-Advisor,active
1004,davey-es-breakout,29,USDCHF.DWX,10040029,2026-05-01,Board-Advisor,active
1004,davey-es-breakout,30,USDJPY.DWX,10040030,2026-05-01,Board-Advisor,active
1004,davey-es-breakout,31,WS30.DWX,10040031,2026-05-01,Board-Advisor,active
1004,davey-es-breakout,32,XAGUSD.DWX,10040032,2026-05-01,Board-Advisor,active
1004,davey-es-breakout,33,XAUUSD.DWX,10040033,2026-05-01,Board-Advisor,active
1004,davey-es-breakout,34,XNGUSD.DWX,10040034,2026-05-01,Board-Advisor,active
1004,davey-es-breakout,35,XTIUSD.DWX,10040035,2026-05-01,Board-Advisor,active
1017,chan-pairs-stat-arb,0,AUDCAD.DWX,10170000,2026-05-01,Board-Advisor,active
1017,chan-pairs-stat-arb,1,AUDCHF.DWX,10170001,2026-05-01,Board-Advisor,active
1017,chan-pairs-stat-arb,2,AUDJPY.DWX,10170002,2026-05-01,Board-Advisor,active
1017,chan-pairs-stat-arb,3,AUDNZD.DWX,10170003,2026-05-01,Board-Advisor,active
1017,chan-pairs-stat-arb,4,AUDUSD.DWX,10170004,2026-05-01,Board-Advisor,active
1017,chan-pairs-stat-arb,5,CADCHF.DWX,10170005,2026-05-01,Board-Advisor,active
1017,chan-pairs-stat-arb,6,CADJPY.DWX,10170006,2026-05-01,Board-Advisor,active
1017,chan-pairs-stat-arb,7,CHFJPY.DWX,10170007,2026-05-01,Board-Advisor,active
1017,chan-pairs-stat-arb,8,EURAUD.DWX,10170008,2026-05-01,Board-Advisor,active
1017,chan-pairs-stat-arb,9,EURCAD.DWX,10170009,2026-05-01,Board-Advisor,active
1017,chan-pairs-stat-arb,10,EURCHF.DWX,10170010,2026-05-01,Board-Advisor,active
1017,chan-pairs-stat-arb,11,EURGBP.DWX,10170011,2026-05-01,Board-Advisor,active
1017,chan-pairs-stat-arb,12,EURJPY.DWX,10170012,2026-05-01,Board-Advisor,active
1017,chan-pairs-stat-arb,13,EURNZD.DWX,10170013,2026-05-01,Board-Advisor,active
1017,chan-pairs-stat-arb,14,EURUSD.DWX,10170014,2026-05-01,Board-Advisor,active
1017,chan-pairs-stat-arb,15,GBPAUD.DWX,10170015,2026-05-01,Board-Advisor,active
1017,chan-pairs-stat-arb,16,GBPCAD.DWX,10170016,2026-05-01,Board-Advisor,active
1017,chan-pairs-stat-arb,17,GBPCHF.DWX,10170017,2026-05-01,Board-Advisor,active
1017,chan-pairs-stat-arb,18,GBPJPY.DWX,10170018,2026-05-01,Board-Advisor,active
1017,chan-pairs-stat-arb,19,GBPNZD.DWX,10170019,2026-05-01,Board-Advisor,active
1017,chan-pairs-stat-arb,20,GBPUSD.DWX,10170020,2026-05-01,Board-Advisor,active
1017,chan-pairs-stat-arb,21,GDAXIm.DWX,10170021,2026-05-01,Board-Advisor,active
1017,chan-pairs-stat-arb,22,NDXm.DWX,10170022,2026-05-01,Board-Advisor,active
1017,chan-pairs-stat-arb,23,NZDCAD.DWX,10170023,2026-05-01,Board-Advisor,active
1017,chan-pairs-stat-arb,24,NZDCHF.DWX,10170024,2026-05-01,Board-Advisor,active
1017,chan-pairs-stat-arb,25,NZDJPY.DWX,10170025,2026-05-01,Board-Advisor,active
1017,chan-pairs-stat-arb,26,NZDUSD.DWX,10170026,2026-05-01,Board-Advisor,active
1017,chan-pairs-stat-arb,27,UK100.DWX,10170027,2026-05-01,Board-Advisor,active
1017,chan-pairs-stat-arb,28,USDCAD.DWX,10170028,2026-05-01,Board-Advisor,active
1017,chan-pairs-stat-arb,29,USDCHF.DWX,10170029,2026-05-01,Board-Advisor,active
1017,chan-pairs-stat-arb,30,USDJPY.DWX,10170030,2026-05-01,Board-Advisor,active
1017,chan-pairs-stat-arb,31,WS30.DWX,10170031,2026-05-01,Board-Advisor,active
1017,chan-pairs-stat-arb,32,XAGUSD.DWX,10170032,2026-05-01,Board-Advisor,active
1017,chan-pairs-stat-arb,33,XAUUSD.DWX,10170033,2026-05-01,Board-Advisor,active
1017,chan-pairs-stat-arb,34,XNGUSD.DWX,10170034,2026-05-01,Board-Advisor,active
1017,chan-pairs-stat-arb,35,XTIUSD.DWX,10170035,2026-05-01,Board-Advisor,active
1009,lien-fade-double-zeros,0,AUDCAD.DWX,10090000,2026-05-01,Board-Advisor,active
1009,lien-fade-double-zeros,1,AUDCHF.DWX,10090001,2026-05-01,Board-Advisor,active
1009,lien-fade-double-zeros,2,AUDJPY.DWX,10090002,2026-05-01,Board-Advisor,active
1009,lien-fade-double-zeros,3,AUDNZD.DWX,10090003,2026-05-01,Board-Advisor,active
1009,lien-fade-double-zeros,4,AUDUSD.DWX,10090004,2026-05-01,Board-Advisor,active
1009,lien-fade-double-zeros,5,CADCHF.DWX,10090005,2026-05-01,Board-Advisor,active
1009,lien-fade-double-zeros,6,CADJPY.DWX,10090006,2026-05-01,Board-Advisor,active
1009,lien-fade-double-zeros,7,CHFJPY.DWX,10090007,2026-05-01,Board-Advisor,active
1009,lien-fade-double-zeros,8,EURAUD.DWX,10090008,2026-05-01,Board-Advisor,active
1009,lien-fade-double-zeros,9,EURCAD.DWX,10090009,2026-05-01,Board-Advisor,active
1009,lien-fade-double-zeros,10,EURCHF.DWX,10090010,2026-05-01,Board-Advisor,active
1009,lien-fade-double-zeros,11,EURGBP.DWX,10090011,2026-05-01,Board-Advisor,active
1009,lien-fade-double-zeros,12,EURJPY.DWX,10090012,2026-05-01,Board-Advisor,active
1009,lien-fade-double-zeros,13,EURNZD.DWX,10090013,2026-05-01,Board-Advisor,active
1009,lien-fade-double-zeros,14,EURUSD.DWX,10090014,2026-05-01,Board-Advisor,active
1009,lien-fade-double-zeros,15,GBPAUD.DWX,10090015,2026-05-01,Board-Advisor,active
1009,lien-fade-double-zeros,16,GBPCAD.DWX,10090016,2026-05-01,Board-Advisor,active
1009,lien-fade-double-zeros,17,GBPCHF.DWX,10090017,2026-05-01,Board-Advisor,active
1009,lien-fade-double-zeros,18,GBPJPY.DWX,10090018,2026-05-01,Board-Advisor,active
1009,lien-fade-double-zeros,19,GBPNZD.DWX,10090019,2026-05-01,Board-Advisor,active
1009,lien-fade-double-zeros,20,GBPUSD.DWX,10090020,2026-05-01,Board-Advisor,active
1009,lien-fade-double-zeros,21,GDAXIm.DWX,10090021,2026-05-01,Board-Advisor,active
1009,lien-fade-double-zeros,22,NDXm.DWX,10090022,2026-05-01,Board-Advisor,active
1009,lien-fade-double-zeros,23,NZDCAD.DWX,10090023,2026-05-01,Board-Advisor,active
1009,lien-fade-double-zeros,24,NZDCHF.DWX,10090024,2026-05-01,Board-Advisor,active
1009,lien-fade-double-zeros,25,NZDJPY.DWX,10090025,2026-05-01,Board-Advisor,active
1009,lien-fade-double-zeros,26,NZDUSD.DWX,10090026,2026-05-01,Board-Advisor,active
1009,lien-fade-double-zeros,27,UK100.DWX,10090027,2026-05-01,Board-Advisor,active
1009,lien-fade-double-zeros,28,USDCAD.DWX,10090028,2026-05-01,Board-Advisor,active
1009,lien-fade-double-zeros,29,USDCHF.DWX,10090029,2026-05-01,Board-Advisor,active
1009,lien-fade-double-zeros,30,USDJPY.DWX,10090030,2026-05-01,Board-Advisor,active
1009,lien-fade-double-zeros,31,WS30.DWX,10090031,2026-05-01,Board-Advisor,active
1009,lien-fade-double-zeros,32,XAGUSD.DWX,10090032,2026-05-01,Board-Advisor,active
1009,lien-fade-double-zeros,33,XAUUSD.DWX,10090033,2026-05-01,Board-Advisor,active
1009,lien-fade-double-zeros,34,XNGUSD.DWX,10090034,2026-05-01,Board-Advisor,active
1009,lien-fade-double-zeros,35,XTIUSD.DWX,10090035,2026-05-01,Board-Advisor,active
1010,lien-waiting-deal,0,AUDCAD.DWX,10100000,2026-05-01,Board-Advisor,active
1010,lien-waiting-deal,1,AUDCHF.DWX,10100001,2026-05-01,Board-Advisor,active
1010,lien-waiting-deal,2,AUDJPY.DWX,10100002,2026-05-01,Board-Advisor,active
1010,lien-waiting-deal,3,AUDNZD.DWX,10100003,2026-05-01,Board-Advisor,active
1010,lien-waiting-deal,4,AUDUSD.DWX,10100004,2026-05-01,Board-Advisor,active
1010,lien-waiting-deal,5,CADCHF.DWX,10100005,2026-05-01,Board-Advisor,active
1010,lien-waiting-deal,6,CADJPY.DWX,10100006,2026-05-01,Board-Advisor,active
1010,lien-waiting-deal,7,CHFJPY.DWX,10100007,2026-05-01,Board-Advisor,active
1010,lien-waiting-deal,8,EURAUD.DWX,10100008,2026-05-01,Board-Advisor,active
1010,lien-waiting-deal,9,EURCAD.DWX,10100009,2026-05-01,Board-Advisor,active
1010,lien-waiting-deal,10,EURCHF.DWX,10100010,2026-05-01,Board-Advisor,active
1010,lien-waiting-deal,11,EURGBP.DWX,10100011,2026-05-01,Board-Advisor,active
1010,lien-waiting-deal,12,EURJPY.DWX,10100012,2026-05-01,Board-Advisor,active
1010,lien-waiting-deal,13,EURNZD.DWX,10100013,2026-05-01,Board-Advisor,active
1010,lien-waiting-deal,14,EURUSD.DWX,10100014,2026-05-01,Board-Advisor,active
1010,lien-waiting-deal,15,GBPAUD.DWX,10100015,2026-05-01,Board-Advisor,active
1010,lien-waiting-deal,16,GBPCAD.DWX,10100016,2026-05-01,Board-Advisor,active
1010,lien-waiting-deal,17,GBPCHF.DWX,10100017,2026-05-01,Board-Advisor,active
1010,lien-waiting-deal,18,GBPJPY.DWX,10100018,2026-05-01,Board-Advisor,active
1010,lien-waiting-deal,19,GBPNZD.DWX,10100019,2026-05-01,Board-Advisor,active
1010,lien-waiting-deal,20,GBPUSD.DWX,10100020,2026-05-01,Board-Advisor,active
1010,lien-waiting-deal,21,GDAXIm.DWX,10100021,2026-05-01,Board-Advisor,active
1010,lien-waiting-deal,22,NDXm.DWX,10100022,2026-05-01,Board-Advisor,active
1010,lien-waiting-deal,23,NZDCAD.DWX,10100023,2026-05-01,Board-Advisor,active
1010,lien-waiting-deal,24,NZDCHF.DWX,10100024,2026-05-01,Board-Advisor,active
1010,lien-waiting-deal,25,NZDJPY.DWX,10100025,2026-05-01,Board-Advisor,active
1010,lien-waiting-deal,26,NZDUSD.DWX,10100026,2026-05-01,Board-Advisor,active
1010,lien-waiting-deal,27,UK100.DWX,10100027,2026-05-01,Board-Advisor,active
1010,lien-waiting-deal,28,USDCAD.DWX,10100028,2026-05-01,Board-Advisor,active
1010,lien-waiting-deal,29,USDCHF.DWX,10100029,2026-05-01,Board-Advisor,active
1010,lien-waiting-deal,30,USDJPY.DWX,10100030,2026-05-01,Board-Advisor,active
1010,lien-waiting-deal,31,WS30.DWX,10100031,2026-05-01,Board-Advisor,active
1010,lien-waiting-deal,32,XAGUSD.DWX,10100032,2026-05-01,Board-Advisor,active
1010,lien-waiting-deal,33,XAUUSD.DWX,10100033,2026-05-01,Board-Advisor,active
1010,lien-waiting-deal,34,XNGUSD.DWX,10100034,2026-05-01,Board-Advisor,active
1010,lien-waiting-deal,35,XTIUSD.DWX,10100035,2026-05-01,Board-Advisor,active
1011,lien-inside-day-breakout,0,AUDCAD.DWX,10110000,2026-05-01,Board-Advisor,active
1011,lien-inside-day-breakout,1,AUDCHF.DWX,10110001,2026-05-01,Board-Advisor,active
1011,lien-inside-day-breakout,2,AUDJPY.DWX,10110002,2026-05-01,Board-Advisor,active
1011,lien-inside-day-breakout,3,AUDNZD.DWX,10110003,2026-05-01,Board-Advisor,active
1011,lien-inside-day-breakout,4,AUDUSD.DWX,10110004,2026-05-01,Board-Advisor,active
1011,lien-inside-day-breakout,5,CADCHF.DWX,10110005,2026-05-01,Board-Advisor,active
1011,lien-inside-day-breakout,6,CADJPY.DWX,10110006,2026-05-01,Board-Advisor,active
1011,lien-inside-day-breakout,7,CHFJPY.DWX,10110007,2026-05-01,Board-Advisor,active
1011,lien-inside-day-breakout,8,EURAUD.DWX,10110008,2026-05-01,Board-Advisor,active
1011,lien-inside-day-breakout,9,EURCAD.DWX,10110009,2026-05-01,Board-Advisor,active
1011,lien-inside-day-breakout,10,EURCHF.DWX,10110010,2026-05-01,Board-Advisor,active
1011,lien-inside-day-breakout,11,EURGBP.DWX,10110011,2026-05-01,Board-Advisor,active
1011,lien-inside-day-breakout,12,EURJPY.DWX,10110012,2026-05-01,Board-Advisor,active
1011,lien-inside-day-breakout,13,EURNZD.DWX,10110013,2026-05-01,Board-Advisor,active
1011,lien-inside-day-breakout,14,EURUSD.DWX,10110014,2026-05-01,Board-Advisor,active
1011,lien-inside-day-breakout,15,GBPAUD.DWX,10110015,2026-05-01,Board-Advisor,active
1011,lien-inside-day-breakout,16,GBPCAD.DWX,10110016,2026-05-01,Board-Advisor,active
1011,lien-inside-day-breakout,17,GBPCHF.DWX,10110017,2026-05-01,Board-Advisor,active
1011,lien-inside-day-breakout,18,GBPJPY.DWX,10110018,2026-05-01,Board-Advisor,active
1011,lien-inside-day-breakout,19,GBPNZD.DWX,10110019,2026-05-01,Board-Advisor,active
1011,lien-inside-day-breakout,20,GBPUSD.DWX,10110020,2026-05-01,Board-Advisor,active
1011,lien-inside-day-breakout,21,GDAXIm.DWX,10110021,2026-05-01,Board-Advisor,active
1011,lien-inside-day-breakout,22,NDXm.DWX,10110022,2026-05-01,Board-Advisor,active
1011,lien-inside-day-breakout,23,NZDCAD.DWX,10110023,2026-05-01,Board-Advisor,active
1011,lien-inside-day-breakout,24,NZDCHF.DWX,10110024,2026-05-01,Board-Advisor,active
1011,lien-inside-day-breakout,25,NZDJPY.DWX,10110025,2026-05-01,Board-Advisor,active
1011,lien-inside-day-breakout,26,NZDUSD.DWX,10110026,2026-05-01,Board-Advisor,active
1011,lien-inside-day-breakout,27,UK100.DWX,10110027,2026-05-01,Board-Advisor,active
1011,lien-inside-day-breakout,28,USDCAD.DWX,10110028,2026-05-01,Board-Advisor,active
1011,lien-inside-day-breakout,29,USDCHF.DWX,10110029,2026-05-01,Board-Advisor,active
1011,lien-inside-day-breakout,30,USDJPY.DWX,10110030,2026-05-01,Board-Advisor,active
1011,lien-inside-day-breakout,31,WS30.DWX,10110031,2026-05-01,Board-Advisor,active
1011,lien-inside-day-breakout,32,XAGUSD.DWX,10110032,2026-05-01,Board-Advisor,active
1011,lien-inside-day-breakout,33,XAUUSD.DWX,10110033,2026-05-01,Board-Advisor,active
1011,lien-inside-day-breakout,34,XNGUSD.DWX,10110034,2026-05-01,Board-Advisor,active
1011,lien-inside-day-breakout,35,XTIUSD.DWX,10110035,2026-05-01,Board-Advisor,active
1012,lien-fader,0,AUDCAD.DWX,10120000,2026-05-01,Board-Advisor,active
1012,lien-fader,1,AUDCHF.DWX,10120001,2026-05-01,Board-Advisor,active
1012,lien-fader,2,AUDJPY.DWX,10120002,2026-05-01,Board-Advisor,active
1012,lien-fader,3,AUDNZD.DWX,10120003,2026-05-01,Board-Advisor,active
1012,lien-fader,4,AUDUSD.DWX,10120004,2026-05-01,Board-Advisor,active
1012,lien-fader,5,CADCHF.DWX,10120005,2026-05-01,Board-Advisor,active
1012,lien-fader,6,CADJPY.DWX,10120006,2026-05-01,Board-Advisor,active
1012,lien-fader,7,CHFJPY.DWX,10120007,2026-05-01,Board-Advisor,active
1012,lien-fader,8,EURAUD.DWX,10120008,2026-05-01,Board-Advisor,active
1012,lien-fader,9,EURCAD.DWX,10120009,2026-05-01,Board-Advisor,active
1012,lien-fader,10,EURCHF.DWX,10120010,2026-05-01,Board-Advisor,active
1012,lien-fader,11,EURGBP.DWX,10120011,2026-05-01,Board-Advisor,active
1012,lien-fader,12,EURJPY.DWX,10120012,2026-05-01,Board-Advisor,active
1012,lien-fader,13,EURNZD.DWX,10120013,2026-05-01,Board-Advisor,active
1012,lien-fader,14,EURUSD.DWX,10120014,2026-05-01,Board-Advisor,active
1012,lien-fader,15,GBPAUD.DWX,10120015,2026-05-01,Board-Advisor,active
1012,lien-fader,16,GBPCAD.DWX,10120016,2026-05-01,Board-Advisor,active
1012,lien-fader,17,GBPCHF.DWX,10120017,2026-05-01,Board-Advisor,active
1012,lien-fader,18,GBPJPY.DWX,10120018,2026-05-01,Board-Advisor,active
1012,lien-fader,19,GBPNZD.DWX,10120019,2026-05-01,Board-Advisor,active
1012,lien-fader,20,GBPUSD.DWX,10120020,2026-05-01,Board-Advisor,active
1012,lien-fader,21,GDAXIm.DWX,10120021,2026-05-01,Board-Advisor,active
1012,lien-fader,22,NDXm.DWX,10120022,2026-05-01,Board-Advisor,active
1012,lien-fader,23,NZDCAD.DWX,10120023,2026-05-01,Board-Advisor,active
1012,lien-fader,24,NZDCHF.DWX,10120024,2026-05-01,Board-Advisor,active
1012,lien-fader,25,NZDJPY.DWX,10120025,2026-05-01,Board-Advisor,active
1012,lien-fader,26,NZDUSD.DWX,10120026,2026-05-01,Board-Advisor,active
1012,lien-fader,27,UK100.DWX,10120027,2026-05-01,Board-Advisor,active
1012,lien-fader,28,USDCAD.DWX,10120028,2026-05-01,Board-Advisor,active
1012,lien-fader,29,USDCHF.DWX,10120029,2026-05-01,Board-Advisor,active
1012,lien-fader,30,USDJPY.DWX,10120030,2026-05-01,Board-Advisor,active
1012,lien-fader,31,WS30.DWX,10120031,2026-05-01,Board-Advisor,active
1012,lien-fader,32,XAGUSD.DWX,10120032,2026-05-01,Board-Advisor,active
1012,lien-fader,33,XAUUSD.DWX,10120033,2026-05-01,Board-Advisor,active
1012,lien-fader,34,XNGUSD.DWX,10120034,2026-05-01,Board-Advisor,active
1012,lien-fader,35,XTIUSD.DWX,10120035,2026-05-01,Board-Advisor,active
1013,lien-20day-breakout,0,AUDCAD.DWX,10130000,2026-05-01,Board-Advisor,active
1013,lien-20day-breakout,1,AUDCHF.DWX,10130001,2026-05-01,Board-Advisor,active
1013,lien-20day-breakout,2,AUDJPY.DWX,10130002,2026-05-01,Board-Advisor,active
1013,lien-20day-breakout,3,AUDNZD.DWX,10130003,2026-05-01,Board-Advisor,active
1013,lien-20day-breakout,4,AUDUSD.DWX,10130004,2026-05-01,Board-Advisor,active
1013,lien-20day-breakout,5,CADCHF.DWX,10130005,2026-05-01,Board-Advisor,active
1013,lien-20day-breakout,6,CADJPY.DWX,10130006,2026-05-01,Board-Advisor,active
1013,lien-20day-breakout,7,CHFJPY.DWX,10130007,2026-05-01,Board-Advisor,active
1013,lien-20day-breakout,8,EURAUD.DWX,10130008,2026-05-01,Board-Advisor,active
1013,lien-20day-breakout,9,EURCAD.DWX,10130009,2026-05-01,Board-Advisor,active
1013,lien-20day-breakout,10,EURCHF.DWX,10130010,2026-05-01,Board-Advisor,active
1013,lien-20day-breakout,11,EURGBP.DWX,10130011,2026-05-01,Board-Advisor,active
1013,lien-20day-breakout,12,EURJPY.DWX,10130012,2026-05-01,Board-Advisor,active
1013,lien-20day-breakout,13,EURNZD.DWX,10130013,2026-05-01,Board-Advisor,active
1013,lien-20day-breakout,14,EURUSD.DWX,10130014,2026-05-01,Board-Advisor,active
1013,lien-20day-breakout,15,GBPAUD.DWX,10130015,2026-05-01,Board-Advisor,active
1013,lien-20day-breakout,16,GBPCAD.DWX,10130016,2026-05-01,Board-Advisor,active
1013,lien-20day-breakout,17,GBPCHF.DWX,10130017,2026-05-01,Board-Advisor,active
1013,lien-20day-breakout,18,GBPJPY.DWX,10130018,2026-05-01,Board-Advisor,active
1013,lien-20day-breakout,19,GBPNZD.DWX,10130019,2026-05-01,Board-Advisor,active
1013,lien-20day-breakout,20,GBPUSD.DWX,10130020,2026-05-01,Board-Advisor,active
1013,lien-20day-breakout,21,GDAXIm.DWX,10130021,2026-05-01,Board-Advisor,active
1013,lien-20day-breakout,22,NDXm.DWX,10130022,2026-05-01,Board-Advisor,active
1013,lien-20day-breakout,23,NZDCAD.DWX,10130023,2026-05-01,Board-Advisor,active
1013,lien-20day-breakout,24,NZDCHF.DWX,10130024,2026-05-01,Board-Advisor,active
1013,lien-20day-breakout,25,NZDJPY.DWX,10130025,2026-05-01,Board-Advisor,active
1013,lien-20day-breakout,26,NZDUSD.DWX,10130026,2026-05-01,Board-Advisor,active
1013,lien-20day-breakout,27,UK100.DWX,10130027,2026-05-01,Board-Advisor,active
1013,lien-20day-breakout,28,USDCAD.DWX,10130028,2026-05-01,Board-Advisor,active
1013,lien-20day-breakout,29,USDCHF.DWX,10130029,2026-05-01,Board-Advisor,active
1013,lien-20day-breakout,30,USDJPY.DWX,10130030,2026-05-01,Board-Advisor,active
1013,lien-20day-breakout,31,WS30.DWX,10130031,2026-05-01,Board-Advisor,active
1013,lien-20day-breakout,32,XAGUSD.DWX,10130032,2026-05-01,Board-Advisor,active
1013,lien-20day-breakout,33,XAUUSD.DWX,10130033,2026-05-01,Board-Advisor,active
1013,lien-20day-breakout,34,XNGUSD.DWX,10130034,2026-05-01,Board-Advisor,active
1013,lien-20day-breakout,35,XTIUSD.DWX,10130035,2026-05-01,Board-Advisor,active
1014,lien-channels,0,AUDCAD.DWX,10140000,2026-05-01,Board-Advisor,active
1014,lien-channels,1,AUDCHF.DWX,10140001,2026-05-01,Board-Advisor,active
1014,lien-channels,2,AUDJPY.DWX,10140002,2026-05-01,Board-Advisor,active
1014,lien-channels,3,AUDNZD.DWX,10140003,2026-05-01,Board-Advisor,active
1014,lien-channels,4,AUDUSD.DWX,10140004,2026-05-01,Board-Advisor,active
1014,lien-channels,5,CADCHF.DWX,10140005,2026-05-01,Board-Advisor,active
1014,lien-channels,6,CADJPY.DWX,10140006,2026-05-01,Board-Advisor,active
1014,lien-channels,7,CHFJPY.DWX,10140007,2026-05-01,Board-Advisor,active
1014,lien-channels,8,EURAUD.DWX,10140008,2026-05-01,Board-Advisor,active
1014,lien-channels,9,EURCAD.DWX,10140009,2026-05-01,Board-Advisor,active
1014,lien-channels,10,EURCHF.DWX,10140010,2026-05-01,Board-Advisor,active
1014,lien-channels,11,EURGBP.DWX,10140011,2026-05-01,Board-Advisor,active
1014,lien-channels,12,EURJPY.DWX,10140012,2026-05-01,Board-Advisor,active
1014,lien-channels,13,EURNZD.DWX,10140013,2026-05-01,Board-Advisor,active
1014,lien-channels,14,EURUSD.DWX,10140014,2026-05-01,Board-Advisor,active
1014,lien-channels,15,GBPAUD.DWX,10140015,2026-05-01,Board-Advisor,active
1014,lien-channels,16,GBPCAD.DWX,10140016,2026-05-01,Board-Advisor,active
1014,lien-channels,17,GBPCHF.DWX,10140017,2026-05-01,Board-Advisor,active
1014,lien-channels,18,GBPJPY.DWX,10140018,2026-05-01,Board-Advisor,active
1014,lien-channels,19,GBPNZD.DWX,10140019,2026-05-01,Board-Advisor,active
1014,lien-channels,20,GBPUSD.DWX,10140020,2026-05-01,Board-Advisor,active
1014,lien-channels,21,GDAXIm.DWX,10140021,2026-05-01,Board-Advisor,active
1014,lien-channels,22,NDXm.DWX,10140022,2026-05-01,Board-Advisor,active
1014,lien-channels,23,NZDCAD.DWX,10140023,2026-05-01,Board-Advisor,active
1014,lien-channels,24,NZDCHF.DWX,10140024,2026-05-01,Board-Advisor,active
1014,lien-channels,25,NZDJPY.DWX,10140025,2026-05-01,Board-Advisor,active
1014,lien-channels,26,NZDUSD.DWX,10140026,2026-05-01,Board-Advisor,active
1014,lien-channels,27,UK100.DWX,10140027,2026-05-01,Board-Advisor,active
1014,lien-channels,28,USDCAD.DWX,10140028,2026-05-01,Board-Advisor,active
1014,lien-channels,29,USDCHF.DWX,10140029,2026-05-01,Board-Advisor,active
1014,lien-channels,30,USDJPY.DWX,10140030,2026-05-01,Board-Advisor,active
1014,lien-channels,31,WS30.DWX,10140031,2026-05-01,Board-Advisor,active
1014,lien-channels,32,XAGUSD.DWX,10140032,2026-05-01,Board-Advisor,active
1014,lien-channels,33,XAUUSD.DWX,10140033,2026-05-01,Board-Advisor,active
1014,lien-channels,34,XNGUSD.DWX,10140034,2026-05-01,Board-Advisor,active
1014,lien-channels,35,XTIUSD.DWX,10140035,2026-05-01,Board-Advisor,active
1015,lien-perfect-order,0,AUDCAD.DWX,10150000,2026-05-01,Board-Advisor,active
1015,lien-perfect-order,1,AUDCHF.DWX,10150001,2026-05-01,Board-Advisor,active
1015,lien-perfect-order,2,AUDJPY.DWX,10150002,2026-05-01,Board-Advisor,active
1015,lien-perfect-order,3,AUDNZD.DWX,10150003,2026-05-01,Board-Advisor,active
1015,lien-perfect-order,4,AUDUSD.DWX,10150004,2026-05-01,Board-Advisor,active
1015,lien-perfect-order,5,CADCHF.DWX,10150005,2026-05-01,Board-Advisor,active
1015,lien-perfect-order,6,CADJPY.DWX,10150006,2026-05-01,Board-Advisor,active
1015,lien-perfect-order,7,CHFJPY.DWX,10150007,2026-05-01,Board-Advisor,active
1015,lien-perfect-order,8,EURAUD.DWX,10150008,2026-05-01,Board-Advisor,active
1015,lien-perfect-order,9,EURCAD.DWX,10150009,2026-05-01,Board-Advisor,active
1015,lien-perfect-order,10,EURCHF.DWX,10150010,2026-05-01,Board-Advisor,active
1015,lien-perfect-order,11,EURGBP.DWX,10150011,2026-05-01,Board-Advisor,active
1015,lien-perfect-order,12,EURJPY.DWX,10150012,2026-05-01,Board-Advisor,active
1015,lien-perfect-order,13,EURNZD.DWX,10150013,2026-05-01,Board-Advisor,active
1015,lien-perfect-order,14,EURUSD.DWX,10150014,2026-05-01,Board-Advisor,active
1015,lien-perfect-order,15,GBPAUD.DWX,10150015,2026-05-01,Board-Advisor,active
1015,lien-perfect-order,16,GBPCAD.DWX,10150016,2026-05-01,Board-Advisor,active
1015,lien-perfect-order,17,GBPCHF.DWX,10150017,2026-05-01,Board-Advisor,active
1015,lien-perfect-order,18,GBPJPY.DWX,10150018,2026-05-01,Board-Advisor,active
1015,lien-perfect-order,19,GBPNZD.DWX,10150019,2026-05-01,Board-Advisor,active
1015,lien-perfect-order,20,GBPUSD.DWX,10150020,2026-05-01,Board-Advisor,active
1015,lien-perfect-order,21,GDAXIm.DWX,10150021,2026-05-01,Board-Advisor,active
1015,lien-perfect-order,22,NDXm.DWX,10150022,2026-05-01,Board-Advisor,active
1015,lien-perfect-order,23,NZDCAD.DWX,10150023,2026-05-01,Board-Advisor,active
1015,lien-perfect-order,24,NZDCHF.DWX,10150024,2026-05-01,Board-Advisor,active
1015,lien-perfect-order,25,NZDJPY.DWX,10150025,2026-05-01,Board-Advisor,active
1015,lien-perfect-order,26,NZDUSD.DWX,10150026,2026-05-01,Board-Advisor,active
1015,lien-perfect-order,27,UK100.DWX,10150027,2026-05-01,Board-Advisor,active
1015,lien-perfect-order,28,USDCAD.DWX,10150028,2026-05-01,Board-Advisor,active
1015,lien-perfect-order,29,USDCHF.DWX,10150029,2026-05-01,Board-Advisor,active
1015,lien-perfect-order,30,USDJPY.DWX,10150030,2026-05-01,Board-Advisor,active
1015,lien-perfect-order,31,WS30.DWX,10150031,2026-05-01,Board-Advisor,active
1015,lien-perfect-order,32,XAGUSD.DWX,10150032,2026-05-01,Board-Advisor,active
1015,lien-perfect-order,33,XAUUSD.DWX,10150033,2026-05-01,Board-Advisor,active
1015,lien-perfect-order,34,XNGUSD.DWX,10150034,2026-05-01,Board-Advisor,active
1015,lien-perfect-order,35,XTIUSD.DWX,10150035,2026-05-01,Board-Advisor,active
1016,lien-carry-trade,0,AUDCAD.DWX,10160000,2026-05-01,Board-Advisor,active
1016,lien-carry-trade,1,AUDCHF.DWX,10160001,2026-05-01,Board-Advisor,active
1016,lien-carry-trade,2,AUDJPY.DWX,10160002,2026-05-01,Board-Advisor,active
1016,lien-carry-trade,3,AUDNZD.DWX,10160003,2026-05-01,Board-Advisor,active
1016,lien-carry-trade,4,AUDUSD.DWX,10160004,2026-05-01,Board-Advisor,active
1016,lien-carry-trade,5,CADCHF.DWX,10160005,2026-05-01,Board-Advisor,active
1016,lien-carry-trade,6,CADJPY.DWX,10160006,2026-05-01,Board-Advisor,active
1016,lien-carry-trade,7,CHFJPY.DWX,10160007,2026-05-01,Board-Advisor,active
1016,lien-carry-trade,8,EURAUD.DWX,10160008,2026-05-01,Board-Advisor,active
1016,lien-carry-trade,9,EURCAD.DWX,10160009,2026-05-01,Board-Advisor,active
1016,lien-carry-trade,10,EURCHF.DWX,10160010,2026-05-01,Board-Advisor,active
1016,lien-carry-trade,11,EURGBP.DWX,10160011,2026-05-01,Board-Advisor,active
1016,lien-carry-trade,12,EURJPY.DWX,10160012,2026-05-01,Board-Advisor,active
1016,lien-carry-trade,13,EURNZD.DWX,10160013,2026-05-01,Board-Advisor,active
1016,lien-carry-trade,14,EURUSD.DWX,10160014,2026-05-01,Board-Advisor,active
1016,lien-carry-trade,15,GBPAUD.DWX,10160015,2026-05-01,Board-Advisor,active
1016,lien-carry-trade,16,GBPCAD.DWX,10160016,2026-05-01,Board-Advisor,active
1016,lien-carry-trade,17,GBPCHF.DWX,10160017,2026-05-01,Board-Advisor,active
1016,lien-carry-trade,18,GBPJPY.DWX,10160018,2026-05-01,Board-Advisor,active
1016,lien-carry-trade,19,GBPNZD.DWX,10160019,2026-05-01,Board-Advisor,active
1016,lien-carry-trade,20,GBPUSD.DWX,10160020,2026-05-01,Board-Advisor,active
1016,lien-carry-trade,21,GDAXIm.DWX,10160021,2026-05-01,Board-Advisor,active
1016,lien-carry-trade,22,NDXm.DWX,10160022,2026-05-01,Board-Advisor,active
1016,lien-carry-trade,23,NZDCAD.DWX,10160023,2026-05-01,Board-Advisor,active
1016,lien-carry-trade,24,NZDCHF.DWX,10160024,2026-05-01,Board-Advisor,active
1016,lien-carry-trade,25,NZDJPY.DWX,10160025,2026-05-01,Board-Advisor,active
1016,lien-carry-trade,26,NZDUSD.DWX,10160026,2026-05-01,Board-Advisor,active
1016,lien-carry-trade,27,UK100.DWX,10160027,2026-05-01,Board-Advisor,active
1016,lien-carry-trade,28,USDCAD.DWX,10160028,2026-05-01,Board-Advisor,active
1016,lien-carry-trade,29,USDCHF.DWX,10160029,2026-05-01,Board-Advisor,active
1016,lien-carry-trade,30,USDJPY.DWX,10160030,2026-05-01,Board-Advisor,active
1016,lien-carry-trade,31,WS30.DWX,10160031,2026-05-01,Board-Advisor,active
1016,lien-carry-trade,32,XAGUSD.DWX,10160032,2026-05-01,Board-Advisor,active
1016,lien-carry-trade,33,XAUUSD.DWX,10160033,2026-05-01,Board-Advisor,active
1016,lien-carry-trade,34,XNGUSD.DWX,10160034,2026-05-01,Board-Advisor,active
1016,lien-carry-trade,35,XTIUSD.DWX,10160035,2026-05-01,Board-Advisor,active
