datetime,event_name,source_row_1,source_row_2,action,source_url,source_index_url
2015-01-09 13:30:00,Non-Farm Employment Change,2015-01-08 20:30:00|Non-Farm Employment Change,,DATE_CORRECTED,https://www.bls.gov/news.release/archives/empsit_01092015.htm,https://www.bls.gov/bls/news-release/empsit.htm
2015-01-15 13:30:00,PPI m/m,2015-01-15 13:30:00|PPI m/m,,DATE_VERIFIED,https://www.bls.gov/news.release/archives/ppi_01152015.htm,https://www.bls.gov/bls/news-release/ppi.htm
2015-01-16 13:30:00,CPI m/m,2015-01-15 20:30:00|CPI m/m,,DATE_CORRECTED,https://www.bls.gov/news.release/archives/cpi_01162015.htm,https://www.bls.gov/bls/news-release/cpi.htm
2015-01-28 19:00:00,FOMC Statement,2015-01-27 20:30:00|FOMC Statement,2015-01-28 19:00:00|Federal Funds Rate,DATE_CORRECTED_AND_ALIASES_COLLAPSED,https://www.federalreserve.gov/newsevents/pressreleases/monetary20150128a.htm,https://www.federalreserve.gov/monetarypolicy/fomchistorical2015.htm
2015-02-06 13:30:00,Non-Farm Employment Change,2015-02-05 20:30:00|Non-Farm Employment Change,,DATE_CORRECTED,https://www.bls.gov/news.release/archives/empsit_02062015.htm,https://www.bls.gov/bls/news-release/empsit.htm
2015-02-18 13:30:00,PPI m/m,2015-02-17 20:30:00|PPI m/m,,DATE_CORRECTED,https://www.bls.gov/news.release/archives/ppi_02182015.htm,https://www.bls.gov/bls/news-release/ppi.htm
2015-02-26 13:30:00,CPI m/m,2015-02-25 20:30:00|CPI m/m,,DATE_CORRECTED,https://www.bls.gov/news.release/archives/cpi_02262015.htm,https://www.bls.gov/bls/news-release/cpi.htm
2015-03-06 13:30:00,Non-Farm Employment Change,2015-03-05 20:30:00|Non-Farm Employment Change,,DATE_CORRECTED,https://www.bls.gov/news.release/archives/empsit_03062015.htm,https://www.bls.gov/bls/news-release/empsit.htm
2015-03-13 12:30:00,PPI m/m,2015-03-12 20:30:00|PPI m/m,,DATE_CORRECTED,https://www.bls.gov/news.release/archives/ppi_03132015.htm,https://www.bls.gov/bls/news-release/ppi.htm
2015-03-18 18:00:00,FOMC Statement,2015-03-17 20:30:00|FOMC Statement,2015-03-18 18:00:00|Federal Funds Rate,DATE_CORRECTED_AND_ALIASES_COLLAPSED,https://www.federalreserve.gov/newsevents/pressreleases/monetary20150318a.htm,https://www.federalreserve.gov/monetarypolicy/fomchistorical2015.htm
2015-03-24 12:30:00,CPI m/m,2015-03-23 19:30:00|CPI m/m,,DATE_CORRECTED,https://www.bls.gov/news.release/archives/cpi_03242015.htm,https://www.bls.gov/bls/news-release/cpi.htm
2015-04-03 12:30:00,Non-Farm Employment Change,2015-04-03 12:30:00|Non-Farm Employment Change,,DATE_VERIFIED,https://www.bls.gov/news.release/archives/empsit_04032015.htm,https://www.bls.gov/bls/news-release/empsit.htm
2015-04-14 12:30:00,PPI m/m,2015-04-13 19:30:00|PPI m/m,,DATE_CORRECTED,https://www.bls.gov/news.release/archives/ppi_04142015.htm,https://www.bls.gov/bls/news-release/ppi.htm
2015-04-17 12:30:00,CPI m/m,2015-04-16 19:30:00|CPI m/m,,DATE_CORRECTED,https://www.bls.gov/news.release/archives/cpi_04172015.htm,https://www.bls.gov/bls/news-release/cpi.htm
2015-04-29 18:00:00,FOMC Statement,2015-04-28 19:30:00|FOMC Statement,2015-04-29 18:00:00|Federal Funds Rate,DATE_CORRECTED_AND_ALIASES_COLLAPSED,https://www.federalreserve.gov/newsevents/pressreleases/monetary20150429a.htm,https://www.federalreserve.gov/monetarypolicy/fomchistorical2015.htm
2015-05-08 12:30:00,Non-Farm Employment Change,2015-05-07 19:30:00|Non-Farm Employment Change,,DATE_CORRECTED,https://www.bls.gov/news.release/archives/empsit_05082015.htm,https://www.bls.gov/bls/news-release/empsit.htm
2015-05-14 12:30:00,PPI m/m,2015-05-13 19:30:00|PPI m/m,,DATE_CORRECTED,https://www.bls.gov/news.release/archives/ppi_05142015.htm,https://www.bls.gov/bls/news-release/ppi.htm
2015-05-22 12:30:00,CPI m/m,2015-05-21 19:30:00|CPI m/m,,DATE_CORRECTED,https://www.bls.gov/news.release/archives/cpi_05222015.htm,https://www.bls.gov/bls/news-release/cpi.htm
2015-06-05 12:30:00,Non-Farm Employment Change,2015-06-04 19:30:00|Non-Farm Employment Change,,DATE_CORRECTED,https://www.bls.gov/news.release/archives/empsit_06052015.htm,https://www.bls.gov/bls/news-release/empsit.htm
2015-06-12 12:30:00,PPI m/m,2015-06-12 12:30:00|PPI m/m,,DATE_VERIFIED,https://www.bls.gov/news.release/archives/ppi_06122015.htm,https://www.bls.gov/bls/news-release/ppi.htm
2015-06-17 18:00:00,FOMC Statement,2015-06-16 19:30:00|FOMC Statement,2015-06-17 18:00:00|Federal Funds Rate,DATE_CORRECTED_AND_ALIASES_COLLAPSED,https://www.federalreserve.gov/newsevents/pressreleases/monetary20150617a.htm,https://www.federalreserve.gov/monetarypolicy/fomchistorical2015.htm
2015-06-18 12:30:00,CPI m/m,2015-06-17 19:30:00|CPI m/m,,DATE_CORRECTED,https://www.bls.gov/news.release/archives/cpi_06182015.htm,https://www.bls.gov/bls/news-release/cpi.htm
2015-07-02 12:30:00,Non-Farm Employment Change,2015-07-02 12:30:00|Non-Farm Employment Change,,DATE_VERIFIED,https://www.bls.gov/news.release/archives/empsit_07022015.htm,https://www.bls.gov/bls/news-release/empsit.htm
2015-07-15 12:30:00,PPI m/m,2015-07-14 19:30:00|PPI m/m,,DATE_CORRECTED,https://www.bls.gov/news.release/archives/ppi_07152015.htm,https://www.bls.gov/bls/news-release/ppi.htm
2015-07-17 12:30:00,CPI m/m,2015-07-16 19:30:00|CPI m/m,,DATE_CORRECTED,https://www.bls.gov/news.release/archives/cpi_07172015.htm,https://www.bls.gov/bls/news-release/cpi.htm
2015-07-29 18:00:00,FOMC Statement,2015-07-28 19:30:00|FOMC Statement,2015-07-29 18:00:00|Federal Funds Rate,DATE_CORRECTED_AND_ALIASES_COLLAPSED,https://www.federalreserve.gov/newsevents/pressreleases/monetary20150729a.htm,https://www.federalreserve.gov/monetarypolicy/fomchistorical2015.htm
2015-08-07 12:30:00,Non-Farm Employment Change,2015-08-06 19:30:00|Non-Farm Employment Change,,DATE_CORRECTED,https://www.bls.gov/news.release/archives/empsit_08072015.htm,https://www.bls.gov/bls/news-release/empsit.htm
2015-08-14 12:30:00,PPI m/m,2015-08-13 19:30:00|PPI m/m,,DATE_CORRECTED,https://www.bls.gov/news.release/archives/ppi_08142015.htm,https://www.bls.gov/bls/news-release/ppi.htm
2015-08-19 12:30:00,CPI m/m,2015-08-18 19:30:00|CPI m/m,,DATE_CORRECTED,https://www.bls.gov/news.release/archives/cpi_08192015.htm,https://www.bls.gov/bls/news-release/cpi.htm
2015-09-04 12:30:00,Non-Farm Employment Change,2015-09-03 19:30:00|Non-Farm Employment Change,,DATE_CORRECTED,https://www.bls.gov/news.release/archives/empsit_09042015.htm,https://www.bls.gov/bls/news-release/empsit.htm
2015-09-11 12:30:00,PPI m/m,2015-09-11 12:30:00|PPI m/m,,DATE_VERIFIED,https://www.bls.gov/news.release/archives/ppi_09112015.htm,https://www.bls.gov/bls/news-release/ppi.htm
2015-09-16 12:30:00,CPI m/m,2015-09-15 19:30:00|CPI m/m,,DATE_CORRECTED,https://www.bls.gov/news.release/archives/cpi_09162015.htm,https://www.bls.gov/bls/news-release/cpi.htm
2015-09-17 18:00:00,FOMC Statement,2015-09-16 19:30:00|FOMC Statement,2015-09-17 18:00:00|Federal Funds Rate,DATE_CORRECTED_AND_ALIASES_COLLAPSED,https://www.federalreserve.gov/newsevents/pressreleases/monetary20150917a.htm,https://www.federalreserve.gov/monetarypolicy/fomchistorical2015.htm
2015-10-02 12:30:00,Non-Farm Employment Change,2015-10-01 20:30:00|Non-Farm Employment Change,,DATE_CORRECTED,https://www.bls.gov/news.release/archives/empsit_10022015.htm,https://www.bls.gov/bls/news-release/empsit.htm
2015-10-14 12:30:00,PPI m/m,2015-10-13 20:30:00|PPI m/m,,DATE_CORRECTED,https://www.bls.gov/news.release/archives/ppi_10142015.htm,https://www.bls.gov/bls/news-release/ppi.htm
2015-10-15 12:30:00,CPI m/m,2015-10-14 20:30:00|CPI m/m,,DATE_CORRECTED,https://www.bls.gov/news.release/archives/cpi_10152015.htm,https://www.bls.gov/bls/news-release/cpi.htm
2015-10-28 18:00:00,FOMC Statement,2015-10-27 20:30:00|FOMC Statement,2015-10-28 18:00:00|Federal Funds Rate,DATE_CORRECTED_AND_ALIASES_COLLAPSED,https://www.federalreserve.gov/newsevents/pressreleases/monetary20151028a.htm,https://www.federalreserve.gov/monetarypolicy/fomchistorical2015.htm
2015-11-06 13:30:00,Non-Farm Employment Change,2015-11-05 20:30:00|Non-Farm Employment Change,,DATE_CORRECTED,https://www.bls.gov/news.release/archives/empsit_11062015.htm,https://www.bls.gov/bls/news-release/empsit.htm
2015-11-13 13:30:00,PPI m/m,2015-11-12 20:30:00|PPI m/m,,DATE_CORRECTED,https://www.bls.gov/news.release/archives/ppi_11132015.htm,https://www.bls.gov/bls/news-release/ppi.htm
2015-11-17 13:30:00,CPI m/m,2015-11-16 20:30:00|CPI m/m,,DATE_CORRECTED,https://www.bls.gov/news.release/archives/cpi_11172015.htm,https://www.bls.gov/bls/news-release/cpi.htm
2015-12-04 13:30:00,Non-Farm Employment Change,2015-12-03 20:30:00|Non-Farm Employment Change,,DATE_CORRECTED,https://www.bls.gov/news.release/archives/empsit_12042015.htm,https://www.bls.gov/bls/news-release/empsit.htm
2015-12-11 13:30:00,PPI m/m,2015-12-10 20:30:00|PPI m/m,,DATE_CORRECTED,https://www.bls.gov/news.release/archives/ppi_12112015.htm,https://www.bls.gov/bls/news-release/ppi.htm
2015-12-15 13:30:00,CPI m/m,2015-12-14 20:30:00|CPI m/m,,DATE_CORRECTED,https://www.bls.gov/news.release/archives/cpi_12152015.htm,https://www.bls.gov/bls/news-release/cpi.htm
2015-12-16 19:00:00,FOMC Statement,2015-12-15 20:30:00|FOMC Statement,2015-12-16 19:00:00|Federal Funds Rate,DATE_CORRECTED_AND_ALIASES_COLLAPSED,https://www.federalreserve.gov/newsevents/pressreleases/monetary20151216a.htm,https://www.federalreserve.gov/monetarypolicy/fomchistorical2015.htm
2016-01-08 13:30:00,Non-Farm Employment Change,2016-01-07 20:30:00|Non-Farm Employment Change,,DATE_CORRECTED,https://www.bls.gov/news.release/archives/empsit_01082016.htm,https://www.bls.gov/bls/news-release/empsit.htm
2016-01-15 13:30:00,PPI m/m,2016-01-14 20:30:00|PPI m/m,,DATE_CORRECTED,https://www.bls.gov/news.release/archives/ppi_01152016.htm,https://www.bls.gov/bls/news-release/ppi.htm
2016-01-20 13:30:00,CPI m/m,2016-01-19 20:30:00|CPI m/m,,DATE_CORRECTED,https://www.bls.gov/news.release/archives/cpi_01202016.htm,https://www.bls.gov/bls/news-release/cpi.htm
2016-01-27 19:00:00,FOMC Statement,2016-01-26 20:30:00|FOMC Statement,2016-01-27 19:00:00|Federal Funds Rate,DATE_CORRECTED_AND_ALIASES_COLLAPSED,https://www.federalreserve.gov/newsevents/pressreleases/monetary20160127a.htm,https://www.federalreserve.gov/monetarypolicy/fomchistorical2016.htm
2016-02-05 13:30:00,Non-Farm Employment Change,2016-02-04 20:30:00|Non-Farm Employment Change,,DATE_CORRECTED,https://www.bls.gov/news.release/archives/empsit_02052016.htm,https://www.bls.gov/bls/news-release/empsit.htm
2016-02-17 13:30:00,PPI m/m,2016-02-16 20:30:00|PPI m/m,,DATE_CORRECTED,https://www.bls.gov/news.release/archives/ppi_02172016.htm,https://www.bls.gov/bls/news-release/ppi.htm
2016-02-19 13:30:00,CPI m/m,2016-02-18 20:30:00|CPI m/m,,DATE_CORRECTED,https://www.bls.gov/news.release/archives/cpi_02192016.htm,https://www.bls.gov/bls/news-release/cpi.htm
2016-03-04 13:30:00,Non-Farm Employment Change,2016-03-03 20:30:00|Non-Farm Employment Change,,DATE_CORRECTED,https://www.bls.gov/news.release/archives/empsit_03042016.htm,https://www.bls.gov/bls/news-release/empsit.htm
2016-03-15 12:30:00,PPI m/m,2016-03-14 20:30:00|PPI m/m,,DATE_CORRECTED,https://www.bls.gov/news.release/archives/ppi_03152016.htm,https://www.bls.gov/bls/news-release/ppi.htm
2016-03-16 12:30:00,CPI m/m,2016-03-15 20:30:00|CPI m/m,,DATE_CORRECTED,https://www.bls.gov/news.release/archives/cpi_03162016.htm,https://www.bls.gov/bls/news-release/cpi.htm
2016-03-16 18:00:00,FOMC Statement,2016-03-15 20:30:00|FOMC Statement,2016-03-16 18:00:00|Federal Funds Rate,DATE_CORRECTED_AND_ALIASES_COLLAPSED,https://www.federalreserve.gov/newsevents/pressreleases/monetary20160316a.htm,https://www.federalreserve.gov/monetarypolicy/fomchistorical2016.htm
2016-04-01 12:30:00,Non-Farm Employment Change,2016-03-31 19:30:00|Non-Farm Employment Change,,DATE_CORRECTED,https://www.bls.gov/news.release/archives/empsit_04012016.htm,https://www.bls.gov/bls/news-release/empsit.htm
2016-04-13 12:30:00,PPI m/m,2016-04-12 19:30:00|PPI m/m,,DATE_CORRECTED,https://www.bls.gov/news.release/archives/ppi_04132016.htm,https://www.bls.gov/bls/news-release/ppi.htm
2016-04-14 12:30:00,CPI m/m,2016-04-13 19:30:00|CPI m/m,,DATE_CORRECTED,https://www.bls.gov/news.release/archives/cpi_04142016.htm,https://www.bls.gov/bls/news-release/cpi.htm
2016-04-27 18:00:00,FOMC Statement,2016-04-26 19:30:00|FOMC Statement,2016-04-27 18:00:00|Federal Funds Rate,DATE_CORRECTED_AND_ALIASES_COLLAPSED,https://www.federalreserve.gov/newsevents/pressreleases/monetary20160427a.htm,https://www.federalreserve.gov/monetarypolicy/fomchistorical2016.htm
2016-05-06 12:30:00,Non-Farm Employment Change,2016-05-05 19:30:00|Non-Farm Employment Change,,DATE_CORRECTED,https://www.bls.gov/news.release/archives/empsit_05062016.htm,https://www.bls.gov/bls/news-release/empsit.htm
2016-05-13 12:30:00,PPI m/m,2016-05-12 19:30:00|PPI m/m,,DATE_CORRECTED,https://www.bls.gov/news.release/archives/ppi_05132016.htm,https://www.bls.gov/bls/news-release/ppi.htm
2016-05-17 12:30:00,CPI m/m,2016-05-16 19:30:00|CPI m/m,,DATE_CORRECTED,https://www.bls.gov/news.release/archives/cpi_05172016.htm,https://www.bls.gov/bls/news-release/cpi.htm
2016-06-03 12:30:00,Non-Farm Employment Change,2016-06-02 19:30:00|Non-Farm Employment Change,,DATE_CORRECTED,https://www.bls.gov/news.release/archives/empsit_06032016.htm,https://www.bls.gov/bls/news-release/empsit.htm
2016-06-15 12:30:00,PPI m/m,2016-06-14 19:30:00|PPI m/m,,DATE_CORRECTED,https://www.bls.gov/news.release/archives/ppi_06152016.htm,https://www.bls.gov/bls/news-release/ppi.htm
2016-06-15 18:00:00,FOMC Statement,2016-06-14 19:30:00|FOMC Statement,2016-06-15 18:00:00|Federal Funds Rate,DATE_CORRECTED_AND_ALIASES_COLLAPSED,https://www.federalreserve.gov/newsevents/pressreleases/monetary20160615a.htm,https://www.federalreserve.gov/monetarypolicy/fomchistorical2016.htm
2016-06-16 12:30:00,CPI m/m,2016-06-15 19:30:00|CPI m/m,,DATE_CORRECTED,https://www.bls.gov/news.release/archives/cpi_06162016.htm,https://www.bls.gov/bls/news-release/cpi.htm
2016-07-08 12:30:00,Non-Farm Employment Change,2016-07-07 19:30:00|Non-Farm Employment Change,,DATE_CORRECTED,https://www.bls.gov/news.release/archives/empsit_07082016.htm,https://www.bls.gov/bls/news-release/empsit.htm
2016-07-14 12:30:00,PPI m/m,2016-07-13 19:30:00|PPI m/m,,DATE_CORRECTED,https://www.bls.gov/news.release/archives/ppi_07142016.htm,https://www.bls.gov/bls/news-release/ppi.htm
2016-07-15 12:30:00,CPI m/m,2016-07-14 19:30:00|CPI m/m,,DATE_CORRECTED,https://www.bls.gov/news.release/archives/cpi_07152016.htm,https://www.bls.gov/bls/news-release/cpi.htm
2016-07-27 18:00:00,FOMC Statement,2016-07-26 19:30:00|FOMC Statement,2016-07-27 18:00:00|Federal Funds Rate,DATE_CORRECTED_AND_ALIASES_COLLAPSED,https://www.federalreserve.gov/newsevents/pressreleases/monetary20160727a.htm,https://www.federalreserve.gov/monetarypolicy/fomchistorical2016.htm
2016-08-05 12:30:00,Non-Farm Employment Change,2016-08-04 19:30:00|Non-Farm Employment Change,,DATE_CORRECTED,https://www.bls.gov/news.release/archives/empsit_08052016.htm,https://www.bls.gov/bls/news-release/empsit.htm
2016-08-12 12:30:00,PPI m/m,2016-08-11 19:30:00|PPI m/m,,DATE_CORRECTED,https://www.bls.gov/news.release/archives/ppi_08122016.htm,https://www.bls.gov/bls/news-release/ppi.htm
2016-08-16 12:30:00,CPI m/m,2016-08-15 19:30:00|CPI m/m,,DATE_CORRECTED,https://www.bls.gov/news.release/archives/cpi_08162016.htm,https://www.bls.gov/bls/news-release/cpi.htm
2016-09-02 12:30:00,Non-Farm Employment Change,2016-09-01 19:30:00|Non-Farm Employment Change,,DATE_CORRECTED,https://www.bls.gov/news.release/archives/empsit_09022016.htm,https://www.bls.gov/bls/news-release/empsit.htm
2016-09-15 12:30:00,PPI m/m,2016-09-14 19:30:00|PPI m/m,,DATE_CORRECTED,https://www.bls.gov/news.release/archives/ppi_09152016.htm,https://www.bls.gov/bls/news-release/ppi.htm
2016-09-16 12:30:00,CPI m/m,2016-09-15 19:30:00|CPI m/m,,DATE_CORRECTED,https://www.bls.gov/news.release/archives/cpi_09162016.htm,https://www.bls.gov/bls/news-release/cpi.htm
2016-09-21 18:00:00,FOMC Statement,2016-09-20 20:30:00|FOMC Statement,2016-09-21 18:00:00|Federal Funds Rate,DATE_CORRECTED_AND_ALIASES_COLLAPSED,https://www.federalreserve.gov/newsevents/pressreleases/monetary20160921a.htm,https://www.federalreserve.gov/monetarypolicy/fomchistorical2016.htm
2016-10-07 12:30:00,Non-Farm Employment Change,2016-10-06 20:30:00|Non-Farm Employment Change,,DATE_CORRECTED,https://www.bls.gov/news.release/archives/empsit_10072016.htm,https://www.bls.gov/bls/news-release/empsit.htm
2016-10-14 12:30:00,PPI m/m,2016-10-13 20:30:00|PPI m/m,,DATE_CORRECTED,https://www.bls.gov/news.release/archives/ppi_10142016.htm,https://www.bls.gov/bls/news-release/ppi.htm
2016-10-18 12:30:00,CPI m/m,2016-10-17 20:30:00|CPI m/m,,DATE_CORRECTED,https://www.bls.gov/news.release/archives/cpi_10182016.htm,https://www.bls.gov/bls/news-release/cpi.htm
2016-11-02 18:00:00,FOMC Statement,2016-11-01 20:30:00|FOMC Statement,2016-11-02 18:00:00|Federal Funds Rate,DATE_CORRECTED_AND_ALIASES_COLLAPSED,https://www.federalreserve.gov/newsevents/pressreleases/monetary20161102a.htm,https://www.federalreserve.gov/monetarypolicy/fomchistorical2016.htm
2016-11-04 12:30:00,Non-Farm Employment Change,2016-11-03 20:30:00|Non-Farm Employment Change,,DATE_CORRECTED,https://www.bls.gov/news.release/archives/empsit_11042016.htm,https://www.bls.gov/bls/news-release/empsit.htm
2016-11-16 13:30:00,PPI m/m,2016-11-15 20:30:00|PPI m/m,,DATE_CORRECTED,https://www.bls.gov/news.release/archives/ppi_11162016.htm,https://www.bls.gov/bls/news-release/ppi.htm
2016-11-17 13:30:00,CPI m/m,2016-11-16 20:30:00|CPI m/m,,DATE_CORRECTED,https://www.bls.gov/news.release/archives/cpi_11172016.htm,https://www.bls.gov/bls/news-release/cpi.htm
2016-12-02 13:30:00,Non-Farm Employment Change,2016-12-01 20:30:00|Non-Farm Employment Change,,DATE_CORRECTED,https://www.bls.gov/news.release/archives/empsit_12022016.htm,https://www.bls.gov/bls/news-release/empsit.htm
2016-12-14 13:30:00,PPI m/m,2016-12-13 20:30:00|PPI m/m,,DATE_CORRECTED,https://www.bls.gov/news.release/archives/ppi_12142016.htm,https://www.bls.gov/bls/news-release/ppi.htm
2016-12-14 19:00:00,FOMC Statement,2016-12-13 20:30:00|FOMC Statement,2016-12-14 19:00:00|Federal Funds Rate,DATE_CORRECTED_AND_ALIASES_COLLAPSED,https://www.federalreserve.gov/newsevents/pressreleases/monetary20161214a.htm,https://www.federalreserve.gov/monetarypolicy/fomchistorical2016.htm
2016-12-15 13:30:00,CPI m/m,2016-12-14 20:30:00|CPI m/m,,DATE_CORRECTED,https://www.bls.gov/news.release/archives/cpi_12152016.htm,https://www.bls.gov/bls/news-release/cpi.htm
2017-01-06 13:30:00,Non-Farm Employment Change,2017-01-05 20:30:00|Non-Farm Employment Change,,DATE_CORRECTED,https://www.bls.gov/news.release/archives/empsit_01062017.htm,https://www.bls.gov/bls/news-release/empsit.htm
2017-01-13 13:30:00,PPI m/m,2017-01-12 20:30:00|PPI m/m,,DATE_CORRECTED,https://www.bls.gov/news.release/archives/ppi_01132017.htm,https://www.bls.gov/bls/news-release/ppi.htm
2017-01-18 13:30:00,CPI m/m,2017-01-17 20:30:00|CPI m/m,,DATE_CORRECTED,https://www.bls.gov/news.release/archives/cpi_01182017.htm,https://www.bls.gov/bls/news-release/cpi.htm
2017-02-01 19:00:00,FOMC Statement,2017-01-31 20:30:00|FOMC Statement,2017-02-01 19:00:00|Federal Funds Rate,DATE_CORRECTED_AND_ALIASES_COLLAPSED,https://www.federalreserve.gov/newsevents/pressreleases/monetary20170201a.htm,https://www.federalreserve.gov/monetarypolicy/fomchistorical2017.htm
2017-02-03 13:30:00,Non-Farm Employment Change,2017-02-02 20:30:00|Non-Farm Employment Change,,DATE_CORRECTED,https://www.bls.gov/news.release/archives/empsit_02032017.htm,https://www.bls.gov/bls/news-release/empsit.htm
2017-02-14 13:30:00,PPI m/m,2017-02-14 13:30:00|PPI m/m,,DATE_VERIFIED,https://www.bls.gov/news.release/archives/ppi_02142017.htm,https://www.bls.gov/bls/news-release/ppi.htm
2017-02-15 13:30:00,CPI m/m,2017-02-14 20:30:00|CPI m/m,,DATE_CORRECTED,https://www.bls.gov/news.release/archives/cpi_02152017.htm,https://www.bls.gov/bls/news-release/cpi.htm
2017-03-10 13:30:00,Non-Farm Employment Change,2017-03-09 20:30:00|Non-Farm Employment Change,,DATE_CORRECTED,https://www.bls.gov/news.release/archives/empsit_03102017.htm,https://www.bls.gov/bls/news-release/empsit.htm
2017-03-14 12:30:00,PPI m/m,2017-03-14 12:30:00|PPI m/m,,DATE_VERIFIED,https://www.bls.gov/news.release/archives/ppi_03142017.htm,https://www.bls.gov/bls/news-release/ppi.htm
2017-03-15 12:30:00,CPI m/m,2017-03-14 20:30:00|CPI m/m,,DATE_CORRECTED,https://www.bls.gov/news.release/archives/cpi_03152017.htm,https://www.bls.gov/bls/news-release/cpi.htm
2017-03-15 18:00:00,FOMC Statement,2017-03-14 20:30:00|FOMC Statement,2017-03-15 18:00:00|Federal Funds Rate,DATE_CORRECTED_AND_ALIASES_COLLAPSED,https://www.federalreserve.gov/newsevents/pressreleases/monetary20170315a.htm,https://www.federalreserve.gov/monetarypolicy/fomchistorical2017.htm
2017-04-07 12:30:00,Non-Farm Employment Change,2017-04-06 19:30:00|Non-Farm Employment Change,,DATE_CORRECTED,https://www.bls.gov/news.release/archives/empsit_04072017.htm,https://www.bls.gov/bls/news-release/empsit.htm
2017-04-13 12:30:00,PPI m/m,2017-04-12 19:30:00|PPI m/m,,DATE_CORRECTED,https://www.bls.gov/news.release/archives/ppi_04132017.htm,https://www.bls.gov/bls/news-release/ppi.htm
2017-04-14 12:30:00,CPI m/m,2017-04-13 19:30:00|CPI m/m,,DATE_CORRECTED,https://www.bls.gov/news.release/archives/cpi_04142017.htm,https://www.bls.gov/bls/news-release/cpi.htm
2017-05-03 18:00:00,FOMC Statement,2017-05-02 19:30:00|FOMC Statement,2017-05-03 18:00:00|Federal Funds Rate,DATE_CORRECTED_AND_ALIASES_COLLAPSED,https://www.federalreserve.gov/newsevents/pressreleases/monetary20170503a.htm,https://www.federalreserve.gov/monetarypolicy/fomchistorical2017.htm
2017-05-05 12:30:00,Non-Farm Employment Change,2017-05-04 19:30:00|Non-Farm Employment Change,,DATE_CORRECTED,https://www.bls.gov/news.release/archives/empsit_05052017.htm,https://www.bls.gov/bls/news-release/empsit.htm
2017-05-11 12:30:00,PPI m/m,2017-05-10 19:30:00|PPI m/m,,DATE_CORRECTED,https://www.bls.gov/news.release/archives/ppi_05112017.htm,https://www.bls.gov/bls/news-release/ppi.htm
2017-05-12 12:30:00,CPI m/m,2017-05-11 19:30:00|CPI m/m,,DATE_CORRECTED,https://www.bls.gov/news.release/archives/cpi_05122017.htm,https://www.bls.gov/bls/news-release/cpi.htm
2017-06-02 12:30:00,Non-Farm Employment Change,2017-06-01 19:30:00|Non-Farm Employment Change,,DATE_CORRECTED,https://www.bls.gov/news.release/archives/empsit_06022017.htm,https://www.bls.gov/bls/news-release/empsit.htm
2017-06-13 12:30:00,PPI m/m,2017-06-13 12:30:00|PPI m/m,,DATE_VERIFIED,https://www.bls.gov/news.release/archives/ppi_06132017.htm,https://www.bls.gov/bls/news-release/ppi.htm
2017-06-14 12:30:00,CPI m/m,2017-06-13 19:30:00|CPI m/m,,DATE_CORRECTED,https://www.bls.gov/news.release/archives/cpi_06142017.htm,https://www.bls.gov/bls/news-release/cpi.htm
2017-06-14 18:00:00,FOMC Statement,2017-06-13 19:30:00|FOMC Statement,2017-06-14 18:00:00|Federal Funds Rate,DATE_CORRECTED_AND_ALIASES_COLLAPSED,https://www.federalreserve.gov/newsevents/pressreleases/monetary20170614a.htm,https://www.federalreserve.gov/monetarypolicy/fomchistorical2017.htm
2017-07-07 12:30:00,Non-Farm Employment Change,2017-07-06 19:30:00|Non-Farm Employment Change,,DATE_CORRECTED,https://www.bls.gov/news.release/archives/empsit_07072017.htm,https://www.bls.gov/bls/news-release/empsit.htm
2017-07-13 12:30:00,PPI m/m,2017-07-12 19:30:00|PPI m/m,,DATE_CORRECTED,https://www.bls.gov/news.release/archives/ppi_07132017.htm,https://www.bls.gov/bls/news-release/ppi.htm
2017-07-14 12:30:00,CPI m/m,2017-07-13 19:30:00|CPI m/m,,DATE_CORRECTED,https://www.bls.gov/news.release/archives/cpi_07142017.htm,https://www.bls.gov/bls/news-release/cpi.htm
2017-07-26 18:00:00,FOMC Statement,2017-07-25 19:30:00|Federal Funds Rate,2017-07-26 18:00:00|FOMC Statement,DATE_CORRECTED_AND_ALIASES_COLLAPSED,https://www.federalreserve.gov/newsevents/pressreleases/monetary20170726a.htm,https://www.federalreserve.gov/monetarypolicy/fomchistorical2017.htm
2017-08-04 12:30:00,Non-Farm Employment Change,2017-08-03 19:30:00|Non-Farm Employment Change,,DATE_CORRECTED,https://www.bls.gov/news.release/archives/empsit_08042017.htm,https://www.bls.gov/bls/news-release/empsit.htm
2017-08-10 12:30:00,PPI m/m,2017-08-09 19:30:00|PPI m/m,,DATE_CORRECTED,https://www.bls.gov/news.release/archives/ppi_08102017.htm,https://www.bls.gov/bls/news-release/ppi.htm
2017-08-11 12:30:00,CPI m/m,2017-08-10 19:30:00|CPI m/m,,DATE_CORRECTED,https://www.bls.gov/news.release/archives/cpi_08112017.htm,https://www.bls.gov/bls/news-release/cpi.htm
2017-09-01 12:30:00,Non-Farm Employment Change,2017-08-31 19:30:00|Non-Farm Employment Change,,DATE_CORRECTED,https://www.bls.gov/news.release/archives/empsit_09012017.htm,https://www.bls.gov/bls/news-release/empsit.htm
2017-09-13 12:30:00,PPI m/m,2017-09-13 12:30:00|PPI m/m,,DATE_VERIFIED,https://www.bls.gov/news.release/archives/ppi_09132017.htm,https://www.bls.gov/bls/news-release/ppi.htm
2017-09-14 12:30:00,CPI m/m,2017-09-13 19:30:00|CPI m/m,,DATE_CORRECTED,https://www.bls.gov/news.release/archives/cpi_09142017.htm,https://www.bls.gov/bls/news-release/cpi.htm
2017-09-20 18:00:00,FOMC Statement,2017-09-19 19:30:00|FOMC Statement,2017-09-20 18:00:00|Federal Funds Rate,DATE_CORRECTED_AND_ALIASES_COLLAPSED,https://www.federalreserve.gov/newsevents/pressreleases/monetary20170920a.htm,https://www.federalreserve.gov/monetarypolicy/fomchistorical2017.htm
2017-10-06 12:30:00,Non-Farm Employment Change,2017-10-05 20:30:00|Non-Farm Employment Change,,DATE_CORRECTED,https://www.bls.gov/news.release/archives/empsit_10062017.htm,https://www.bls.gov/bls/news-release/empsit.htm
2017-10-12 12:30:00,PPI m/m,2017-10-11 20:30:00|PPI m/m,,DATE_CORRECTED,https://www.bls.gov/news.release/archives/ppi_10122017.htm,https://www.bls.gov/bls/news-release/ppi.htm
2017-10-13 12:30:00,CPI m/m,2017-10-12 20:30:00|CPI m/m,,DATE_CORRECTED,https://www.bls.gov/news.release/archives/cpi_10132017.htm,https://www.bls.gov/bls/news-release/cpi.htm
2017-11-01 18:00:00,FOMC Statement,2017-10-31 20:30:00|Federal Funds Rate,2017-11-01 18:00:00|FOMC Statement,DATE_CORRECTED_AND_ALIASES_COLLAPSED,https://www.federalreserve.gov/newsevents/pressreleases/monetary20171101a.htm,https://www.federalreserve.gov/monetarypolicy/fomchistorical2017.htm
2017-11-03 12:30:00,Non-Farm Employment Change,2017-11-02 20:30:00|Non-Farm Employment Change,,DATE_CORRECTED,https://www.bls.gov/news.release/archives/empsit_11032017.htm,https://www.bls.gov/bls/news-release/empsit.htm
2017-11-14 13:30:00,PPI m/m,2017-11-14 13:30:00|PPI m/m,,DATE_VERIFIED,https://www.bls.gov/news.release/archives/ppi_11142017.htm,https://www.bls.gov/bls/news-release/ppi.htm
2017-11-15 13:30:00,CPI m/m,2017-11-14 20:30:00|CPI m/m,,DATE_CORRECTED,https://www.bls.gov/news.release/archives/cpi_11152017.htm,https://www.bls.gov/bls/news-release/cpi.htm
2017-12-08 13:30:00,Non-Farm Employment Change,2017-12-07 20:30:00|Non-Farm Employment Change,,DATE_CORRECTED,https://www.bls.gov/news.release/archives/empsit_12082017.htm,https://www.bls.gov/bls/news-release/empsit.htm
2017-12-12 13:30:00,PPI m/m,2017-12-12 13:30:00|PPI m/m,,DATE_VERIFIED,https://www.bls.gov/news.release/archives/ppi_12122017.htm,https://www.bls.gov/bls/news-release/ppi.htm
2017-12-13 13:30:00,CPI m/m,2017-12-12 20:30:00|CPI m/m,,DATE_CORRECTED,https://www.bls.gov/news.release/archives/cpi_12132017.htm,https://www.bls.gov/bls/news-release/cpi.htm
2017-12-13 19:00:00,FOMC Statement,2017-12-12 20:30:00|FOMC Statement,2017-12-13 19:00:00|Federal Funds Rate,DATE_CORRECTED_AND_ALIASES_COLLAPSED,https://www.federalreserve.gov/newsevents/pressreleases/monetary20171213a.htm,https://www.federalreserve.gov/monetarypolicy/fomchistorical2017.htm
2018-01-05 13:30:00,Non-Farm Employment Change,2018-01-04 20:30:00|Non-Farm Employment Change,,DATE_CORRECTED,https://www.bls.gov/news.release/archives/empsit_01052018.htm,https://www.bls.gov/bls/news-release/empsit.htm
2018-01-11 13:30:00,PPI m/m,2018-01-10 20:30:00|PPI m/m,,DATE_CORRECTED,https://www.bls.gov/news.release/archives/ppi_01112018.htm,https://www.bls.gov/bls/news-release/ppi.htm
2018-01-12 13:30:00,CPI m/m,2018-01-11 20:30:00|CPI m/m,,DATE_CORRECTED,https://www.bls.gov/news.release/archives/cpi_01122018.htm,https://www.bls.gov/bls/news-release/cpi.htm
2018-01-31 19:00:00,FOMC Statement,2018-01-30 20:30:00|FOMC Statement,2018-01-31 19:00:00|Federal Funds Rate,DATE_CORRECTED_AND_ALIASES_COLLAPSED,https://www.federalreserve.gov/newsevents/pressreleases/monetary20180131a.htm,https://www.federalreserve.gov/monetarypolicy/fomchistorical2018.htm
2018-02-02 13:30:00,Non-Farm Employment Change,2018-02-01 20:30:00|Non-Farm Employment Change,,DATE_CORRECTED,https://www.bls.gov/news.release/archives/empsit_02022018.htm,https://www.bls.gov/bls/news-release/empsit.htm
2018-02-14 13:30:00,CPI m/m,2018-02-13 20:30:00|CPI m/m,,DATE_CORRECTED,https://www.bls.gov/news.release/archives/cpi_02142018.htm,https://www.bls.gov/bls/news-release/cpi.htm
2018-02-15 13:30:00,PPI m/m,2018-02-14 20:30:00|PPI m/m,,DATE_CORRECTED,https://www.bls.gov/news.release/archives/ppi_02152018.htm,https://www.bls.gov/bls/news-release/ppi.htm
2018-03-09 13:30:00,Non-Farm Employment Change,2018-03-08 20:30:00|Non-Farm Employment Change,,DATE_CORRECTED,https://www.bls.gov/news.release/archives/empsit_03092018.htm,https://www.bls.gov/bls/news-release/empsit.htm
2018-03-13 12:30:00,CPI m/m,2018-03-12 20:30:00|CPI m/m,,DATE_CORRECTED,https://www.bls.gov/news.release/archives/cpi_03132018.htm,https://www.bls.gov/bls/news-release/cpi.htm
2018-03-14 12:30:00,PPI m/m,2018-03-13 20:30:00|PPI m/m,,DATE_CORRECTED,https://www.bls.gov/news.release/archives/ppi_03142018.htm,https://www.bls.gov/bls/news-release/ppi.htm
2018-03-21 18:00:00,FOMC Statement,2018-03-20 20:30:00|FOMC Statement,2018-03-21 18:00:00|Federal Funds Rate,DATE_CORRECTED_AND_ALIASES_COLLAPSED,https://www.federalreserve.gov/newsevents/pressreleases/monetary20180321a.htm,https://www.federalreserve.gov/monetarypolicy/fomchistorical2018.htm
2018-04-06 12:30:00,Non-Farm Employment Change,2018-04-05 19:30:00|Non-Farm Employment Change,,DATE_CORRECTED,https://www.bls.gov/news.release/archives/empsit_04062018.htm,https://www.bls.gov/bls/news-release/empsit.htm
2018-04-10 12:30:00,PPI m/m,2018-04-09 19:30:00|PPI m/m,,DATE_CORRECTED,https://www.bls.gov/news.release/archives/ppi_04102018.htm,https://www.bls.gov/bls/news-release/ppi.htm
2018-04-11 12:30:00,CPI m/m,2018-04-10 19:30:00|CPI m/m,,DATE_CORRECTED,https://www.bls.gov/news.release/archives/cpi_04112018.htm,https://www.bls.gov/bls/news-release/cpi.htm
2018-05-02 18:00:00,FOMC Statement,2018-05-01 19:30:00|FOMC Statement,2018-05-02 18:00:00|Federal Funds Rate,DATE_CORRECTED_AND_ALIASES_COLLAPSED,https://www.federalreserve.gov/newsevents/pressreleases/monetary20180502a.htm,https://www.federalreserve.gov/monetarypolicy/fomchistorical2018.htm
2018-05-04 12:30:00,Non-Farm Employment Change,2018-05-03 19:30:00|Non-Farm Employment Change,,DATE_CORRECTED,https://www.bls.gov/news.release/archives/empsit_05042018.htm,https://www.bls.gov/bls/news-release/empsit.htm
2018-05-09 12:30:00,PPI m/m,2018-05-08 19:30:00|PPI m/m,,DATE_CORRECTED,https://www.bls.gov/news.release/archives/ppi_05092018.htm,https://www.bls.gov/bls/news-release/ppi.htm
2018-05-10 12:30:00,CPI m/m,2018-05-09 19:30:00|CPI m/m,,DATE_CORRECTED,https://www.bls.gov/news.release/archives/cpi_05102018.htm,https://www.bls.gov/bls/news-release/cpi.htm
2018-06-01 12:30:00,Non-Farm Employment Change,2018-05-31 19:30:00|Non-Farm Employment Change,,DATE_CORRECTED,https://www.bls.gov/news.release/archives/empsit_06012018.htm,https://www.bls.gov/bls/news-release/empsit.htm
2018-06-12 12:30:00,CPI m/m,2018-06-11 19:30:00|CPI m/m,,DATE_CORRECTED,https://www.bls.gov/news.release/archives/cpi_06122018.htm,https://www.bls.gov/bls/news-release/cpi.htm
2018-06-13 12:30:00,PPI m/m,2018-06-13 12:30:00|PPI m/m,,DATE_VERIFIED,https://www.bls.gov/news.release/archives/ppi_06132018.htm,https://www.bls.gov/bls/news-release/ppi.htm
2018-06-13 18:00:00,FOMC Statement,2018-06-12 19:30:00|FOMC Statement,2018-06-13 18:00:00|Federal Funds Rate,DATE_CORRECTED_AND_ALIASES_COLLAPSED,https://www.federalreserve.gov/newsevents/pressreleases/monetary20180613a.htm,https://www.federalreserve.gov/monetarypolicy/fomchistorical2018.htm
2018-07-06 12:30:00,Non-Farm Employment Change,2018-07-05 19:30:00|Non-Farm Employment Change,,DATE_CORRECTED,https://www.bls.gov/news.release/archives/empsit_07062018.htm,https://www.bls.gov/bls/news-release/empsit.htm
2018-07-11 12:30:00,PPI m/m,2018-07-10 19:30:00|PPI m/m,,DATE_CORRECTED,https://www.bls.gov/news.release/archives/ppi_07112018.htm,https://www.bls.gov/bls/news-release/ppi.htm
2018-07-12 12:30:00,CPI m/m,2018-07-11 19:30:00|CPI m/m,,DATE_CORRECTED,https://www.bls.gov/news.release/archives/cpi_07122018.htm,https://www.bls.gov/bls/news-release/cpi.htm
2018-08-01 18:00:00,FOMC Statement,2018-07-31 19:30:00|FOMC Statement,2018-08-01 18:00:00|Federal Funds Rate,DATE_CORRECTED_AND_ALIASES_COLLAPSED,https://www.federalreserve.gov/newsevents/pressreleases/monetary20180801a.htm,https://www.federalreserve.gov/monetarypolicy/fomchistorical2018.htm
2018-08-03 12:30:00,Non-Farm Employment Change,2018-08-02 19:30:00|Non-Farm Employment Change,,DATE_CORRECTED,https://www.bls.gov/news.release/archives/empsit_08032018.htm,https://www.bls.gov/bls/news-release/empsit.htm
2018-08-09 12:30:00,PPI m/m,2018-08-08 19:30:00|PPI m/m,,DATE_CORRECTED,https://www.bls.gov/news.release/archives/ppi_08092018.htm,https://www.bls.gov/bls/news-release/ppi.htm
2018-08-10 12:30:00,CPI m/m,2018-08-09 19:30:00|CPI m/m,,DATE_CORRECTED,https://www.bls.gov/news.release/archives/cpi_08102018.htm,https://www.bls.gov/bls/news-release/cpi.htm
2018-09-07 12:30:00,Non-Farm Employment Change,2018-09-06 19:30:00|Non-Farm Employment Change,,DATE_CORRECTED,https://www.bls.gov/news.release/archives/empsit_09072018.htm,https://www.bls.gov/bls/news-release/empsit.htm
2018-09-12 12:30:00,PPI m/m,2018-09-11 19:30:00|PPI m/m,,DATE_CORRECTED,https://www.bls.gov/news.release/archives/ppi_09122018.htm,https://www.bls.gov/bls/news-release/ppi.htm
2018-09-13 12:30:00,CPI m/m,2018-09-12 19:30:00|CPI m/m,,DATE_CORRECTED,https://www.bls.gov/news.release/archives/cpi_09132018.htm,https://www.bls.gov/bls/news-release/cpi.htm
2018-09-26 18:00:00,FOMC Statement,2018-09-25 20:30:00|FOMC Statement,2018-09-26 18:00:00|Federal Funds Rate,DATE_CORRECTED_AND_ALIASES_COLLAPSED,https://www.federalreserve.gov/newsevents/pressreleases/monetary20180926a.htm,https://www.federalreserve.gov/monetarypolicy/fomchistorical2018.htm
2018-10-05 12:30:00,Non-Farm Employment Change,2018-10-04 20:30:00|Non-Farm Employment Change,,DATE_CORRECTED,https://www.bls.gov/news.release/archives/empsit_10052018.htm,https://www.bls.gov/bls/news-release/empsit.htm
2018-10-10 12:30:00,PPI m/m,2018-10-09 20:30:00|PPI m/m,,DATE_CORRECTED,https://www.bls.gov/news.release/archives/ppi_10102018.htm,https://www.bls.gov/bls/news-release/ppi.htm
2018-10-11 12:30:00,CPI m/m,2018-10-10 20:30:00|CPI m/m,,DATE_CORRECTED,https://www.bls.gov/news.release/archives/cpi_10112018.htm,https://www.bls.gov/bls/news-release/cpi.htm
2018-11-02 12:30:00,Non-Farm Employment Change,2018-11-01 20:30:00|Non-Farm Employment Change,,DATE_CORRECTED,https://www.bls.gov/news.release/archives/empsit_11022018.htm,https://www.bls.gov/bls/news-release/empsit.htm
2018-11-08 19:00:00,FOMC Statement,2018-11-07 20:30:00|FOMC Statement,2018-11-08 19:00:00|Federal Funds Rate,DATE_CORRECTED_AND_ALIASES_COLLAPSED,https://www.federalreserve.gov/newsevents/pressreleases/monetary20181108a.htm,https://www.federalreserve.gov/monetarypolicy/fomchistorical2018.htm
2018-11-09 13:30:00,PPI m/m,2018-11-09 13:30:00|PPI m/m,,DATE_VERIFIED,https://www.bls.gov/news.release/archives/ppi_11092018.htm,https://www.bls.gov/bls/news-release/ppi.htm
2018-11-14 13:30:00,CPI m/m,2018-11-13 20:30:00|CPI m/m,,DATE_CORRECTED,https://www.bls.gov/news.release/archives/cpi_11142018.htm,https://www.bls.gov/bls/news-release/cpi.htm
2018-12-07 13:30:00,Non-Farm Employment Change,2018-12-06 20:30:00|Non-Farm Employment Change,,DATE_CORRECTED,https://www.bls.gov/news.release/archives/empsit_12072018.htm,https://www.bls.gov/bls/news-release/empsit.htm
2018-12-11 13:30:00,PPI m/m,2018-12-11 13:30:00|PPI m/m,,DATE_VERIFIED,https://www.bls.gov/news.release/archives/ppi_12112018.htm,https://www.bls.gov/bls/news-release/ppi.htm
2018-12-12 13:30:00,CPI m/m,2018-12-11 20:30:00|CPI m/m,,DATE_CORRECTED,https://www.bls.gov/news.release/archives/cpi_12122018.htm,https://www.bls.gov/bls/news-release/cpi.htm
2018-12-19 19:00:00,FOMC Statement,2018-12-18 20:30:00|FOMC Statement,2018-12-19 19:00:00|Federal Funds Rate,DATE_CORRECTED_AND_ALIASES_COLLAPSED,https://www.federalreserve.gov/newsevents/pressreleases/monetary20181219a.htm,https://www.federalreserve.gov/monetarypolicy/fomchistorical2018.htm
2019-01-04 13:30:00,Non-Farm Employment Change,2019-01-03 20:30:00|Non-Farm Employment Change,,DATE_CORRECTED,https://www.bls.gov/news.release/archives/empsit_01042019.htm,https://www.bls.gov/bls/news-release/empsit.htm
2019-01-11 13:30:00,CPI m/m,2019-01-10 20:30:00|CPI m/m,,DATE_CORRECTED,https://www.bls.gov/news.release/archives/cpi_01112019.htm,https://www.bls.gov/bls/news-release/cpi.htm
2019-01-15 13:30:00,PPI m/m,2019-01-15 13:30:00|PPI m/m,,DATE_VERIFIED,https://www.bls.gov/news.release/archives/ppi_01152019.htm,https://www.bls.gov/bls/news-release/ppi.htm
2019-01-30 19:00:00,FOMC Statement,2019-01-29 20:30:00|FOMC Statement,2019-01-30 19:00:00|Federal Funds Rate,DATE_CORRECTED_AND_ALIASES_COLLAPSED,https://www.federalreserve.gov/newsevents/pressreleases/monetary20190130a.htm,https://www.federalreserve.gov/monetarypolicy/fomchistorical2019.htm
2019-02-01 13:30:00,Non-Farm Employment Change,2019-01-31 20:30:00|Non-Farm Employment Change,,DATE_CORRECTED,https://www.bls.gov/news.release/archives/empsit_02012019.htm,https://www.bls.gov/bls/news-release/empsit.htm
2019-02-13 13:30:00,CPI m/m,2019-02-12 20:30:00|CPI m/m,,DATE_CORRECTED,https://www.bls.gov/news.release/archives/cpi_02132019.htm,https://www.bls.gov/bls/news-release/cpi.htm
2019-02-14 13:30:00,PPI m/m,2019-02-13 20:30:00|PPI m/m,,DATE_CORRECTED,https://www.bls.gov/news.release/archives/ppi_02142019.htm,https://www.bls.gov/bls/news-release/ppi.htm
2019-03-08 13:30:00,Non-Farm Employment Change,2019-03-07 20:30:00|Non-Farm Employment Change,,DATE_CORRECTED,https://www.bls.gov/news.release/archives/empsit_03082019.htm,https://www.bls.gov/bls/news-release/empsit.htm
2019-03-12 12:30:00,CPI m/m,2019-03-11 20:30:00|CPI m/m,,DATE_CORRECTED,https://www.bls.gov/news.release/archives/cpi_03122019.htm,https://www.bls.gov/bls/news-release/cpi.htm
2019-03-13 12:30:00,PPI m/m,2019-03-12 20:30:00|PPI m/m,,DATE_CORRECTED,https://www.bls.gov/news.release/archives/ppi_03132019.htm,https://www.bls.gov/bls/news-release/ppi.htm
2019-03-20 18:00:00,FOMC Statement,2019-03-19 20:30:00|FOMC Statement,2019-03-20 18:00:00|Federal Funds Rate,DATE_CORRECTED_AND_ALIASES_COLLAPSED,https://www.federalreserve.gov/newsevents/pressreleases/monetary20190320a.htm,https://www.federalreserve.gov/monetarypolicy/fomchistorical2019.htm
2019-04-05 12:30:00,Non-Farm Employment Change,2019-04-04 19:30:00|Non-Farm Employment Change,,DATE_CORRECTED,https://www.bls.gov/news.release/archives/empsit_04052019.htm,https://www.bls.gov/bls/news-release/empsit.htm
2019-04-10 12:30:00,CPI m/m,2019-04-09 19:30:00|CPI m/m,,DATE_CORRECTED,https://www.bls.gov/news.release/archives/cpi_04102019.htm,https://www.bls.gov/bls/news-release/cpi.htm
2019-04-11 12:30:00,PPI m/m,2019-04-10 19:30:00|PPI m/m,,DATE_CORRECTED,https://www.bls.gov/news.release/archives/ppi_04112019.htm,https://www.bls.gov/bls/news-release/ppi.htm
2019-05-01 18:00:00,FOMC Statement,2019-04-30 19:30:00|FOMC Statement,2019-05-01 18:00:00|Federal Funds Rate,DATE_CORRECTED_AND_ALIASES_COLLAPSED,https://www.federalreserve.gov/newsevents/pressreleases/monetary20190501a.htm,https://www.federalreserve.gov/monetarypolicy/fomchistorical2019.htm
2019-05-03 12:30:00,Non-Farm Employment Change,2019-05-02 19:30:00|Non-Farm Employment Change,,DATE_CORRECTED,https://www.bls.gov/news.release/archives/empsit_05032019.htm,https://www.bls.gov/bls/news-release/empsit.htm
2019-05-09 12:30:00,PPI m/m,2019-05-08 19:30:00|PPI m/m,,DATE_CORRECTED,https://www.bls.gov/news.release/archives/ppi_05092019.htm,https://www.bls.gov/bls/news-release/ppi.htm
2019-05-10 12:30:00,CPI m/m,2019-05-09 19:30:00|CPI m/m,,DATE_CORRECTED,https://www.bls.gov/news.release/archives/cpi_05102019.htm,https://www.bls.gov/bls/news-release/cpi.htm
2019-06-07 12:30:00,Non-Farm Employment Change,2019-06-06 19:30:00|Non-Farm Employment Change,,DATE_CORRECTED,https://www.bls.gov/news.release/archives/empsit_06072019.htm,https://www.bls.gov/bls/news-release/empsit.htm
2019-06-11 12:30:00,PPI m/m,2019-06-10 19:30:00|PPI m/m,,DATE_CORRECTED,https://www.bls.gov/news.release/archives/ppi_06112019.htm,https://www.bls.gov/bls/news-release/ppi.htm
2019-06-12 12:30:00,CPI m/m,2019-06-11 19:30:00|CPI m/m,,DATE_CORRECTED,https://www.bls.gov/news.release/archives/cpi_06122019.htm,https://www.bls.gov/bls/news-release/cpi.htm
2019-06-19 18:00:00,FOMC Statement,2019-06-18 19:30:00|FOMC Statement,2019-06-19 18:00:00|Federal Funds Rate,DATE_CORRECTED_AND_ALIASES_COLLAPSED,https://www.federalreserve.gov/newsevents/pressreleases/monetary20190619a.htm,https://www.federalreserve.gov/monetarypolicy/fomchistorical2019.htm
2019-07-05 12:30:00,Non-Farm Employment Change,2019-07-04 19:30:00|Non-Farm Employment Change,,DATE_CORRECTED,https://www.bls.gov/news.release/archives/empsit_07052019.htm,https://www.bls.gov/bls/news-release/empsit.htm
2019-07-11 12:30:00,CPI m/m,2019-07-10 19:30:00|CPI m/m,,DATE_CORRECTED,https://www.bls.gov/news.release/archives/cpi_07112019.htm,https://www.bls.gov/bls/news-release/cpi.htm
2019-07-12 12:30:00,PPI m/m,2019-07-12 12:30:00|PPI m/m,,DATE_VERIFIED,https://www.bls.gov/news.release/archives/ppi_07122019.htm,https://www.bls.gov/bls/news-release/ppi.htm
2019-07-31 18:00:00,FOMC Statement,2019-07-30 19:30:00|FOMC Statement,2019-07-31 18:00:00|Federal Funds Rate,DATE_CORRECTED_AND_ALIASES_COLLAPSED,https://www.federalreserve.gov/newsevents/pressreleases/monetary20190731a.htm,https://www.federalreserve.gov/monetarypolicy/fomchistorical2019.htm
2019-08-02 12:30:00,Non-Farm Employment Change,2019-08-01 19:30:00|Non-Farm Employment Change,,DATE_CORRECTED,https://www.bls.gov/news.release/archives/empsit_08022019.htm,https://www.bls.gov/bls/news-release/empsit.htm
2019-08-09 12:30:00,PPI m/m,2019-08-08 19:30:00|PPI m/m,,DATE_CORRECTED,https://www.bls.gov/news.release/archives/ppi_08092019.htm,https://www.bls.gov/bls/news-release/ppi.htm
2019-08-13 12:30:00,CPI m/m,2019-08-12 19:30:00|CPI m/m,,DATE_CORRECTED,https://www.bls.gov/news.release/archives/cpi_08132019.htm,https://www.bls.gov/bls/news-release/cpi.htm
2019-09-06 12:30:00,Non-Farm Employment Change,2019-09-05 19:30:00|Non-Farm Employment Change,,DATE_CORRECTED,https://www.bls.gov/news.release/archives/empsit_09062019.htm,https://www.bls.gov/bls/news-release/empsit.htm
2019-09-11 12:30:00,PPI m/m,2019-09-10 19:30:00|PPI m/m,,DATE_CORRECTED,https://www.bls.gov/news.release/archives/ppi_09112019.htm,https://www.bls.gov/bls/news-release/ppi.htm
2019-09-12 12:30:00,CPI m/m,2019-09-11 19:30:00|CPI m/m,,DATE_CORRECTED,https://www.bls.gov/news.release/archives/cpi_09122019.htm,https://www.bls.gov/bls/news-release/cpi.htm
2019-09-18 18:00:00,FOMC Statement,2019-09-17 19:30:00|FOMC Statement,2019-09-18 18:00:00|Federal Funds Rate,DATE_CORRECTED_AND_ALIASES_COLLAPSED,https://www.federalreserve.gov/newsevents/pressreleases/monetary20190918a.htm,https://www.federalreserve.gov/monetarypolicy/fomchistorical2019.htm
2019-10-04 12:30:00,Non-Farm Employment Change,2019-10-03 20:30:00|Non-Farm Employment Change,,DATE_CORRECTED,https://www.bls.gov/news.release/archives/empsit_10042019.htm,https://www.bls.gov/bls/news-release/empsit.htm
2019-10-08 12:30:00,PPI m/m,2019-10-07 20:30:00|PPI m/m,,DATE_CORRECTED,https://www.bls.gov/news.release/archives/ppi_10082019.htm,https://www.bls.gov/bls/news-release/ppi.htm
2019-10-10 12:30:00,CPI m/m,2019-10-09 20:30:00|CPI m/m,,DATE_CORRECTED,https://www.bls.gov/news.release/archives/cpi_10102019.htm,https://www.bls.gov/bls/news-release/cpi.htm
2019-10-30 18:00:00,FOMC Statement,2019-10-29 20:30:00|FOMC Statement,2019-10-30 18:00:00|Federal Funds Rate,DATE_CORRECTED_AND_ALIASES_COLLAPSED,https://www.federalreserve.gov/newsevents/pressreleases/monetary20191030a.htm,https://www.federalreserve.gov/monetarypolicy/fomchistorical2019.htm
2019-11-01 12:30:00,Non-Farm Employment Change,2019-10-31 20:30:00|Non-Farm Employment Change,,DATE_CORRECTED,https://www.bls.gov/news.release/archives/empsit_11012019.htm,https://www.bls.gov/bls/news-release/empsit.htm
2019-11-13 13:30:00,CPI m/m,2019-11-12 20:30:00|CPI m/m,,DATE_CORRECTED,https://www.bls.gov/news.release/archives/cpi_11132019.htm,https://www.bls.gov/bls/news-release/cpi.htm
2019-11-14 13:30:00,PPI m/m,2019-11-13 20:30:00|PPI m/m,,DATE_CORRECTED,https://www.bls.gov/news.release/archives/ppi_11142019.htm,https://www.bls.gov/bls/news-release/ppi.htm
2019-12-06 13:30:00,Non-Farm Employment Change,2019-12-05 20:30:00|Non-Farm Employment Change,,DATE_CORRECTED,https://www.bls.gov/news.release/archives/empsit_12062019.htm,https://www.bls.gov/bls/news-release/empsit.htm
2019-12-11 13:30:00,CPI m/m,2019-12-10 20:30:00|CPI m/m,,DATE_CORRECTED,https://www.bls.gov/news.release/archives/cpi_12112019.htm,https://www.bls.gov/bls/news-release/cpi.htm
2019-12-11 19:00:00,FOMC Statement,2019-12-10 20:30:00|FOMC Statement,2019-12-11 19:00:00|Federal Funds Rate,DATE_CORRECTED_AND_ALIASES_COLLAPSED,https://www.federalreserve.gov/newsevents/pressreleases/monetary20191211a.htm,https://www.federalreserve.gov/monetarypolicy/fomchistorical2019.htm
2019-12-12 13:30:00,PPI m/m,2019-12-11 20:30:00|PPI m/m,,DATE_CORRECTED,https://www.bls.gov/news.release/archives/ppi_12122019.htm,https://www.bls.gov/bls/news-release/ppi.htm
2020-01-10 13:30:00,Non-Farm Employment Change,2020-01-09 20:30:00|Non-Farm Employment Change,,DATE_CORRECTED,https://www.bls.gov/news.release/archives/empsit_01102020.htm,https://www.bls.gov/bls/news-release/empsit.htm
2020-01-14 13:30:00,CPI m/m,2020-01-13 20:30:00|CPI m/m,,DATE_CORRECTED,https://www.bls.gov/news.release/archives/cpi_01142020.htm,https://www.bls.gov/bls/news-release/cpi.htm
2020-01-15 13:30:00,PPI m/m,2020-01-14 20:30:00|PPI m/m,,DATE_CORRECTED,https://www.bls.gov/news.release/archives/ppi_01152020.htm,https://www.bls.gov/bls/news-release/ppi.htm
2020-01-29 19:00:00,FOMC Statement,2020-01-28 20:30:00|FOMC Statement,2020-01-29 19:00:00|Federal Funds Rate,DATE_CORRECTED_AND_ALIASES_COLLAPSED,https://www.federalreserve.gov/newsevents/pressreleases/monetary20200129a.htm,https://www.federalreserve.gov/newsevents/pressreleases/2020-press-fomc.htm
2020-02-07 13:30:00,Non-Farm Employment Change,2020-02-06 20:30:00|Non-Farm Employment Change,,DATE_CORRECTED,https://www.bls.gov/news.release/archives/empsit_02072020.htm,https://www.bls.gov/bls/news-release/empsit.htm
2020-02-13 13:30:00,CPI m/m,2020-02-12 20:30:00|CPI m/m,,DATE_CORRECTED,https://www.bls.gov/news.release/archives/cpi_02132020.htm,https://www.bls.gov/bls/news-release/cpi.htm
2020-02-19 13:30:00,PPI m/m,2020-02-18 20:30:00|PPI m/m,,DATE_CORRECTED,https://www.bls.gov/news.release/archives/ppi_02192020.htm,https://www.bls.gov/bls/news-release/ppi.htm
2020-03-03 15:00:00,FOMC Statement,2020-03-02 20:30:00|FOMC Statement,2020-03-03 15:00:00|Federal Funds Rate,EXCLUDED_UNSCHEDULED_FOMC,https://www.federalreserve.gov/newsevents/pressreleases/monetary20200303a.htm,https://www.federalreserve.gov/monetarypolicy/fomchistorical2020.htm
2020-03-06 13:30:00,Non-Farm Employment Change,2020-03-05 20:30:00|Non-Farm Employment Change,,DATE_CORRECTED,https://www.bls.gov/news.release/archives/empsit_03062020.htm,https://www.bls.gov/bls/news-release/empsit.htm
2020-03-11 12:30:00,CPI m/m,2020-03-10 20:30:00|CPI m/m,,DATE_CORRECTED,https://www.bls.gov/news.release/archives/cpi_03112020.htm,https://www.bls.gov/bls/news-release/cpi.htm
2020-03-12 12:30:00,PPI m/m,2020-03-11 20:30:00|PPI m/m,,DATE_CORRECTED,https://www.bls.gov/news.release/archives/ppi_03122020.htm,https://www.bls.gov/bls/news-release/ppi.htm
2020-03-15 21:00:00,FOMC Statement,2020-03-15 20:30:00|Federal Funds Rate,2020-03-15 20:30:00|FOMC Statement,EXCLUDED_UNSCHEDULED_FOMC,https://www.federalreserve.gov/newsevents/pressreleases/monetary20200315a.htm,https://www.federalreserve.gov/monetarypolicy/fomchistorical2020.htm
2020-04-03 12:30:00,Non-Farm Employment Change,2020-04-02 19:30:00|Non-Farm Employment Change,,DATE_CORRECTED,https://www.bls.gov/news.release/archives/empsit_04032020.htm,https://www.bls.gov/bls/news-release/empsit.htm
2020-04-09 12:30:00,PPI m/m,2020-04-08 19:30:00|PPI m/m,,DATE_CORRECTED,https://www.bls.gov/news.release/archives/ppi_04092020.htm,https://www.bls.gov/bls/news-release/ppi.htm
2020-04-10 12:30:00,CPI m/m,2020-04-09 19:30:00|CPI m/m,,DATE_CORRECTED,https://www.bls.gov/news.release/archives/cpi_04102020.htm,https://www.bls.gov/bls/news-release/cpi.htm
2020-04-29 18:00:00,FOMC Statement,2020-04-28 19:30:00|Federal Funds Rate,2020-04-29 18:00:00|FOMC Statement,DATE_CORRECTED_AND_ALIASES_COLLAPSED,https://www.federalreserve.gov/newsevents/pressreleases/monetary20200429a.htm,https://www.federalreserve.gov/newsevents/pressreleases/2020-press-fomc.htm
2020-05-08 12:30:00,Non-Farm Employment Change,2020-05-07 19:30:00|Non-Farm Employment Change,,DATE_CORRECTED,https://www.bls.gov/news.release/archives/empsit_05082020.htm,https://www.bls.gov/bls/news-release/empsit.htm
2020-05-12 12:30:00,CPI m/m,2020-05-11 19:30:00|CPI m/m,,DATE_CORRECTED,https://www.bls.gov/news.release/archives/cpi_05122020.htm,https://www.bls.gov/bls/news-release/cpi.htm
2020-05-13 12:30:00,PPI m/m,2020-05-12 19:30:00|PPI m/m,,DATE_CORRECTED,https://www.bls.gov/news.release/archives/ppi_05132020.htm,https://www.bls.gov/bls/news-release/ppi.htm
2020-06-05 12:30:00,Non-Farm Employment Change,2020-06-04 19:30:00|Non-Farm Employment Change,,DATE_CORRECTED,https://www.bls.gov/news.release/archives/empsit_06052020.htm,https://www.bls.gov/bls/news-release/empsit.htm
2020-06-10 12:30:00,CPI m/m,2020-06-09 19:30:00|CPI m/m,,DATE_CORRECTED,https://www.bls.gov/news.release/archives/cpi_06102020.htm,https://www.bls.gov/bls/news-release/cpi.htm
2020-06-10 18:00:00,FOMC Statement,2020-06-09 19:30:00|FOMC Statement,2020-06-10 18:00:00|Federal Funds Rate,DATE_CORRECTED_AND_ALIASES_COLLAPSED,https://www.federalreserve.gov/newsevents/pressreleases/monetary20200610a.htm,https://www.federalreserve.gov/newsevents/pressreleases/2020-press-fomc.htm
2020-06-11 12:30:00,PPI m/m,2020-06-10 19:30:00|PPI m/m,,DATE_CORRECTED,https://www.bls.gov/news.release/archives/ppi_06112020.htm,https://www.bls.gov/bls/news-release/ppi.htm
2020-07-02 12:30:00,Non-Farm Employment Change,2020-07-01 19:30:00|Non-Farm Employment Change,,DATE_CORRECTED,https://www.bls.gov/news.release/archives/empsit_07022020.htm,https://www.bls.gov/bls/news-release/empsit.htm
2020-07-10 12:30:00,PPI m/m,2020-07-09 19:30:00|PPI m/m,,DATE_CORRECTED,https://www.bls.gov/news.release/archives/ppi_07102020.htm,https://www.bls.gov/bls/news-release/ppi.htm
2020-07-14 12:30:00,CPI m/m,2020-07-13 19:30:00|CPI m/m,,DATE_CORRECTED,https://www.bls.gov/news.release/archives/cpi_07142020.htm,https://www.bls.gov/bls/news-release/cpi.htm
2020-07-29 18:00:00,FOMC Statement,2020-07-28 19:30:00|Federal Funds Rate,2020-07-29 18:00:00|FOMC Statement,DATE_CORRECTED_AND_ALIASES_COLLAPSED,https://www.federalreserve.gov/newsevents/pressreleases/monetary20200729a.htm,https://www.federalreserve.gov/newsevents/pressreleases/2020-press-fomc.htm
2020-08-07 12:30:00,Non-Farm Employment Change,2020-08-06 19:30:00|Non-Farm Employment Change,,DATE_CORRECTED,https://www.bls.gov/news.release/archives/empsit_08072020.htm,https://www.bls.gov/bls/news-release/empsit.htm
2020-08-11 12:30:00,PPI m/m,2020-08-10 19:30:00|PPI m/m,,DATE_CORRECTED,https://www.bls.gov/news.release/archives/ppi_08112020.htm,https://www.bls.gov/bls/news-release/ppi.htm
2020-08-12 12:30:00,CPI m/m,2020-08-11 19:30:00|CPI m/m,,DATE_CORRECTED,https://www.bls.gov/news.release/archives/cpi_08122020.htm,https://www.bls.gov/bls/news-release/cpi.htm
2020-09-04 12:30:00,Non-Farm Employment Change,2020-09-03 19:30:00|Non-Farm Employment Change,,DATE_CORRECTED,https://www.bls.gov/news.release/archives/empsit_09042020.htm,https://www.bls.gov/bls/news-release/empsit.htm
2020-09-10 12:30:00,PPI m/m,2020-09-09 19:30:00|PPI m/m,,DATE_CORRECTED,https://www.bls.gov/news.release/archives/ppi_09102020.htm,https://www.bls.gov/bls/news-release/ppi.htm
2020-09-11 12:30:00,CPI m/m,2020-09-10 19:30:00|CPI m/m,,DATE_CORRECTED,https://www.bls.gov/news.release/archives/cpi_09112020.htm,https://www.bls.gov/bls/news-release/cpi.htm
2020-09-16 18:00:00,FOMC Statement,2020-09-15 19:30:00|Federal Funds Rate,2020-09-15 19:30:00|FOMC Statement,DATE_CORRECTED_AND_ALIASES_COLLAPSED,https://www.federalreserve.gov/newsevents/pressreleases/monetary20200916a.htm,https://www.federalreserve.gov/newsevents/pressreleases/2020-press-fomc.htm
2020-10-02 12:30:00,Non-Farm Employment Change,2020-10-01 20:30:00|Non-Farm Employment Change,,DATE_CORRECTED,https://www.bls.gov/news.release/archives/empsit_10022020.htm,https://www.bls.gov/bls/news-release/empsit.htm
2020-10-13 12:30:00,CPI m/m,2020-10-12 20:30:00|CPI m/m,,DATE_CORRECTED,https://www.bls.gov/news.release/archives/cpi_10132020.htm,https://www.bls.gov/bls/news-release/cpi.htm
2020-10-14 12:30:00,PPI m/m,2020-10-13 20:30:00|PPI m/m,,DATE_CORRECTED,https://www.bls.gov/news.release/archives/ppi_10142020.htm,https://www.bls.gov/bls/news-release/ppi.htm
2020-11-05 19:00:00,FOMC Statement,2020-11-04 20:30:00|Federal Funds Rate,2020-11-05 19:00:00|FOMC Statement,DATE_CORRECTED_AND_ALIASES_COLLAPSED,https://www.federalreserve.gov/newsevents/pressreleases/monetary20201105a.htm,https://www.federalreserve.gov/newsevents/pressreleases/2020-press-fomc.htm
2020-11-06 13:30:00,Non-Farm Employment Change,2020-11-05 20:30:00|Non-Farm Employment Change,,DATE_CORRECTED,https://www.bls.gov/news.release/archives/empsit_11062020.htm,https://www.bls.gov/bls/news-release/empsit.htm
2020-11-12 13:30:00,CPI m/m,2020-11-11 20:30:00|CPI m/m,,DATE_CORRECTED,https://www.bls.gov/news.release/archives/cpi_11122020.htm,https://www.bls.gov/bls/news-release/cpi.htm
2020-11-13 13:30:00,PPI m/m,2020-11-12 20:30:00|PPI m/m,,DATE_CORRECTED,https://www.bls.gov/news.release/archives/ppi_11132020.htm,https://www.bls.gov/bls/news-release/ppi.htm
2020-12-04 13:30:00,Non-Farm Employment Change,2020-12-03 20:30:00|Non-Farm Employment Change,,DATE_CORRECTED,https://www.bls.gov/news.release/archives/empsit_12042020.htm,https://www.bls.gov/bls/news-release/empsit.htm
2020-12-10 13:30:00,CPI m/m,2020-12-09 20:30:00|CPI m/m,,DATE_CORRECTED,https://www.bls.gov/news.release/archives/cpi_12102020.htm,https://www.bls.gov/bls/news-release/cpi.htm
2020-12-11 13:30:00,PPI m/m,2020-12-10 20:30:00|PPI m/m,,DATE_CORRECTED,https://www.bls.gov/news.release/archives/ppi_12112020.htm,https://www.bls.gov/bls/news-release/ppi.htm
2020-12-16 19:00:00,FOMC Statement,2020-12-15 20:30:00|Federal Funds Rate,2020-12-15 20:30:00|FOMC Statement,DATE_CORRECTED_AND_ALIASES_COLLAPSED,https://www.federalreserve.gov/newsevents/pressreleases/monetary20201216a.htm,https://www.federalreserve.gov/newsevents/pressreleases/2020-press-fomc.htm
2021-01-08 13:30:00,Non-Farm Employment Change,2021-01-07 20:30:00|Non-Farm Employment Change,,DATE_CORRECTED,https://www.bls.gov/news.release/archives/empsit_01082021.htm,https://www.bls.gov/bls/news-release/empsit.htm
2021-01-13 13:30:00,CPI m/m,2021-01-12 20:30:00|CPI m/m,,DATE_CORRECTED,https://www.bls.gov/news.release/archives/cpi_01132021.htm,https://www.bls.gov/bls/news-release/cpi.htm
2021-01-15 13:30:00,PPI m/m,2021-01-14 20:30:00|PPI m/m,,DATE_CORRECTED,https://www.bls.gov/news.release/archives/ppi_01152021.htm,https://www.bls.gov/bls/news-release/ppi.htm
2021-01-27 19:00:00,FOMC Statement,2021-01-26 20:30:00|Federal Funds Rate,2021-01-27 19:00:00|FOMC Statement,DATE_CORRECTED_AND_ALIASES_COLLAPSED,https://www.federalreserve.gov/newsevents/pressreleases/monetary20210127a.htm,https://www.federalreserve.gov/newsevents/pressreleases/2021-press-fomc.htm
2021-02-05 13:30:00,Non-Farm Employment Change,2021-02-04 20:30:00|Non-Farm Employment Change,,DATE_CORRECTED,https://www.bls.gov/news.release/archives/empsit_02052021.htm,https://www.bls.gov/bls/news-release/empsit.htm
2021-02-10 13:30:00,CPI m/m,2021-02-10 13:30:00|CPI m/m,,DATE_VERIFIED,https://www.bls.gov/news.release/archives/cpi_02102021.htm,https://www.bls.gov/bls/news-release/cpi.htm
2021-02-17 13:30:00,PPI m/m,2021-02-16 20:30:00|PPI m/m,,DATE_CORRECTED,https://www.bls.gov/news.release/archives/ppi_02172021.htm,https://www.bls.gov/bls/news-release/ppi.htm
2021-03-05 13:30:00,Non-Farm Employment Change,2021-03-04 20:30:00|Non-Farm Employment Change,,DATE_CORRECTED,https://www.bls.gov/news.release/archives/empsit_03052021.htm,https://www.bls.gov/bls/news-release/empsit.htm
2021-03-10 13:30:00,CPI m/m,2021-03-09 20:30:00|CPI m/m,,DATE_CORRECTED,https://www.bls.gov/news.release/archives/cpi_03102021.htm,https://www.bls.gov/bls/news-release/cpi.htm
2021-03-12 13:30:00,PPI m/m,2021-03-11 20:30:00|PPI m/m,,DATE_CORRECTED,https://www.bls.gov/news.release/archives/ppi_03122021.htm,https://www.bls.gov/bls/news-release/ppi.htm
2021-03-17 18:00:00,FOMC Statement,2021-03-16 20:30:00|Federal Funds Rate,2021-03-16 20:30:00|FOMC Statement,DATE_CORRECTED_AND_ALIASES_COLLAPSED,https://www.federalreserve.gov/newsevents/pressreleases/monetary20210317a.htm,https://www.federalreserve.gov/newsevents/pressreleases/2021-press-fomc.htm
2021-04-02 12:30:00,Non-Farm Employment Change,2021-04-01 19:30:00|Non-Farm Employment Change,,DATE_CORRECTED,https://www.bls.gov/news.release/archives/empsit_04022021.htm,https://www.bls.gov/bls/news-release/empsit.htm
2021-04-09 12:30:00,PPI m/m,2021-04-08 19:30:00|PPI m/m,,DATE_CORRECTED,https://www.bls.gov/news.release/archives/ppi_04092021.htm,https://www.bls.gov/bls/news-release/ppi.htm
2021-04-13 12:30:00,CPI m/m,2021-04-12 19:30:00|CPI m/m,,DATE_CORRECTED,https://www.bls.gov/news.release/archives/cpi_04132021.htm,https://www.bls.gov/bls/news-release/cpi.htm
2021-04-28 18:00:00,FOMC Statement,2021-04-27 19:30:00|Federal Funds Rate,2021-04-28 18:00:00|FOMC Statement,DATE_CORRECTED_AND_ALIASES_COLLAPSED,https://www.federalreserve.gov/newsevents/pressreleases/monetary20210428a.htm,https://www.federalreserve.gov/newsevents/pressreleases/2021-press-fomc.htm
2021-05-07 12:30:00,Non-Farm Employment Change,2021-05-06 19:30:00|Non-Farm Employment Change,,DATE_CORRECTED,https://www.bls.gov/news.release/archives/empsit_05072021.htm,https://www.bls.gov/bls/news-release/empsit.htm
2021-05-12 12:30:00,CPI m/m,2021-05-11 19:30:00|CPI m/m,,DATE_CORRECTED,https://www.bls.gov/news.release/archives/cpi_05122021.htm,https://www.bls.gov/bls/news-release/cpi.htm
2021-05-13 12:30:00,PPI m/m,2021-05-12 19:30:00|PPI m/m,,DATE_CORRECTED,https://www.bls.gov/news.release/archives/ppi_05132021.htm,https://www.bls.gov/bls/news-release/ppi.htm
2021-06-04 12:30:00,Non-Farm Employment Change,2021-06-03 19:30:00|Non-Farm Employment Change,,DATE_CORRECTED,https://www.bls.gov/news.release/archives/empsit_06042021.htm,https://www.bls.gov/bls/news-release/empsit.htm
2021-06-10 12:30:00,CPI m/m,2021-06-09 19:30:00|CPI m/m,,DATE_CORRECTED,https://www.bls.gov/news.release/archives/cpi_06102021.htm,https://www.bls.gov/bls/news-release/cpi.htm
2021-06-15 12:30:00,PPI m/m,2021-06-14 19:30:00|PPI m/m,,DATE_CORRECTED,https://www.bls.gov/news.release/archives/ppi_06152021.htm,https://www.bls.gov/bls/news-release/ppi.htm
2021-06-16 18:00:00,FOMC Statement,2021-06-15 19:30:00|Federal Funds Rate,2021-06-15 19:30:00|FOMC Statement,DATE_CORRECTED_AND_ALIASES_COLLAPSED,https://www.federalreserve.gov/newsevents/pressreleases/monetary20210616a.htm,https://www.federalreserve.gov/newsevents/pressreleases/2021-press-fomc.htm
2021-07-02 12:30:00,Non-Farm Employment Change,2021-07-01 19:30:00|Non-Farm Employment Change,,DATE_CORRECTED,https://www.bls.gov/news.release/archives/empsit_07022021.htm,https://www.bls.gov/bls/news-release/empsit.htm
2021-07-13 12:30:00,CPI m/m,2021-07-12 19:30:00|CPI m/m,,DATE_CORRECTED,https://www.bls.gov/news.release/archives/cpi_07132021.htm,https://www.bls.gov/bls/news-release/cpi.htm
2021-07-14 12:30:00,PPI m/m,2021-07-13 19:30:00|PPI m/m,,DATE_CORRECTED,https://www.bls.gov/news.release/archives/ppi_07142021.htm,https://www.bls.gov/bls/news-release/ppi.htm
2021-07-28 18:00:00,FOMC Statement,2021-07-27 19:30:00|Federal Funds Rate,2021-07-28 18:00:00|FOMC Statement,DATE_CORRECTED_AND_ALIASES_COLLAPSED,https://www.federalreserve.gov/newsevents/pressreleases/monetary20210728a.htm,https://www.federalreserve.gov/newsevents/pressreleases/2021-press-fomc.htm
2021-08-06 12:30:00,Non-Farm Employment Change,2021-08-05 19:30:00|Non-Farm Employment Change,,DATE_CORRECTED,https://www.bls.gov/news.release/archives/empsit_08062021.htm,https://www.bls.gov/bls/news-release/empsit.htm
2021-08-11 12:30:00,CPI m/m,2021-08-10 19:30:00|CPI m/m,,DATE_CORRECTED,https://www.bls.gov/news.release/archives/cpi_08112021.htm,https://www.bls.gov/bls/news-release/cpi.htm
2021-08-12 12:30:00,PPI m/m,2021-08-12 12:30:00|PPI m/m,,DATE_VERIFIED,https://www.bls.gov/news.release/archives/ppi_08122021.htm,https://www.bls.gov/bls/news-release/ppi.htm
2021-09-03 12:30:00,Non-Farm Employment Change,2021-09-02 19:30:00|Non-Farm Employment Change,,DATE_CORRECTED,https://www.bls.gov/news.release/archives/empsit_09032021.htm,https://www.bls.gov/bls/news-release/empsit.htm
2021-09-10 12:30:00,PPI m/m,2021-09-09 19:30:00|PPI m/m,,DATE_CORRECTED,https://www.bls.gov/news.release/archives/ppi_09102021.htm,https://www.bls.gov/bls/news-release/ppi.htm
2021-09-14 12:30:00,CPI m/m,2021-09-13 19:30:00|CPI m/m,,DATE_CORRECTED,https://www.bls.gov/news.release/archives/cpi_09142021.htm,https://www.bls.gov/bls/news-release/cpi.htm
2021-09-22 18:00:00,FOMC Statement,2021-09-21 20:30:00|Federal Funds Rate,2021-09-21 20:30:00|FOMC Statement,DATE_CORRECTED_AND_ALIASES_COLLAPSED,https://www.federalreserve.gov/newsevents/pressreleases/monetary20210922a.htm,https://www.federalreserve.gov/newsevents/pressreleases/2021-press-fomc.htm
2021-10-08 12:30:00,Non-Farm Employment Change,2021-10-07 20:30:00|Non-Farm Employment Change,,DATE_CORRECTED,https://www.bls.gov/news.release/archives/empsit_10082021.htm,https://www.bls.gov/bls/news-release/empsit.htm
2021-10-13 12:30:00,CPI m/m,2021-10-12 20:30:00|CPI m/m,,DATE_CORRECTED,https://www.bls.gov/news.release/archives/cpi_10132021.htm,https://www.bls.gov/bls/news-release/cpi.htm
2021-10-14 12:30:00,PPI m/m,2021-10-13 20:30:00|PPI m/m,,DATE_CORRECTED,https://www.bls.gov/news.release/archives/ppi_10142021.htm,https://www.bls.gov/bls/news-release/ppi.htm
2021-11-03 18:00:00,FOMC Statement,2021-11-02 20:30:00|FOMC Statement,2021-11-03 18:00:00|Federal Funds Rate,DATE_CORRECTED_AND_ALIASES_COLLAPSED,https://www.federalreserve.gov/newsevents/pressreleases/monetary20211103a.htm,https://www.federalreserve.gov/newsevents/pressreleases/2021-press-fomc.htm
2021-11-05 12:30:00,Non-Farm Employment Change,2021-11-04 20:30:00|Non-Farm Employment Change,,DATE_CORRECTED,https://www.bls.gov/news.release/archives/empsit_11052021.htm,https://www.bls.gov/bls/news-release/empsit.htm
2021-11-09 13:30:00,PPI m/m,2021-11-09 13:30:00|PPI m/m,,DATE_VERIFIED,https://www.bls.gov/news.release/archives/ppi_11092021.htm,https://www.bls.gov/bls/news-release/ppi.htm
2021-11-10 13:30:00,CPI m/m,2021-11-09 20:30:00|CPI m/m,,DATE_CORRECTED,https://www.bls.gov/news.release/archives/cpi_11102021.htm,https://www.bls.gov/bls/news-release/cpi.htm
2021-12-03 13:30:00,Non-Farm Employment Change,2021-12-02 20:30:00|Non-Farm Employment Change,,DATE_CORRECTED,https://www.bls.gov/news.release/archives/empsit_12032021.htm,https://www.bls.gov/bls/news-release/empsit.htm
2021-12-10 13:30:00,CPI m/m,2021-12-09 20:30:00|CPI m/m,,DATE_CORRECTED,https://www.bls.gov/news.release/archives/cpi_12102021.htm,https://www.bls.gov/bls/news-release/cpi.htm
2021-12-14 13:30:00,PPI m/m,2021-12-14 13:30:00|PPI m/m,,DATE_VERIFIED,https://www.bls.gov/news.release/archives/ppi_12142021.htm,https://www.bls.gov/bls/news-release/ppi.htm
2021-12-15 19:00:00,FOMC Statement,2021-12-14 20:30:00|FOMC Statement,2021-12-15 19:00:00|Federal Funds Rate,DATE_CORRECTED_AND_ALIASES_COLLAPSED,https://www.federalreserve.gov/newsevents/pressreleases/monetary20211215a.htm,https://www.federalreserve.gov/newsevents/pressreleases/2021-press-fomc.htm
2022-01-07 13:30:00,Non-Farm Employment Change,2022-01-06 20:30:00|Non-Farm Employment Change,,DATE_CORRECTED,https://www.bls.gov/news.release/archives/empsit_01072022.htm,https://www.bls.gov/bls/news-release/empsit.htm
2022-01-12 13:30:00,CPI m/m,2022-01-11 20:30:00|CPI m/m,,DATE_CORRECTED,https://www.bls.gov/news.release/archives/cpi_01122022.htm,https://www.bls.gov/bls/news-release/cpi.htm
2022-01-13 13:30:00,PPI m/m,2022-01-13 13:30:00|PPI m/m,,DATE_VERIFIED,https://www.bls.gov/news.release/archives/ppi_01132022.htm,https://www.bls.gov/bls/news-release/ppi.htm
2022-01-26 19:00:00,FOMC Statement,2022-01-25 20:30:00|FOMC Statement,2022-01-26 19:00:00|Federal Funds Rate,DATE_CORRECTED_AND_ALIASES_COLLAPSED,https://www.federalreserve.gov/newsevents/pressreleases/monetary20220126a.htm,https://www.federalreserve.gov/newsevents/pressreleases/2022-press-fomc.htm
2022-02-04 13:30:00,Non-Farm Employment Change,2022-02-03 20:30:00|Non-Farm Employment Change,,DATE_CORRECTED,https://www.bls.gov/news.release/archives/empsit_02042022.htm,https://www.bls.gov/bls/news-release/empsit.htm
2022-02-10 13:30:00,CPI m/m,2022-02-09 20:30:00|CPI m/m,,DATE_CORRECTED,https://www.bls.gov/news.release/archives/cpi_02102022.htm,https://www.bls.gov/bls/news-release/cpi.htm
2022-02-15 13:30:00,PPI m/m,2022-02-15 13:30:00|PPI m/m,,DATE_VERIFIED,https://www.bls.gov/news.release/archives/ppi_02152022.htm,https://www.bls.gov/bls/news-release/ppi.htm
2022-03-04 13:30:00,Non-Farm Employment Change,2022-03-03 20:30:00|Non-Farm Employment Change,,DATE_CORRECTED,https://www.bls.gov/news.release/archives/empsit_03042022.htm,https://www.bls.gov/bls/news-release/empsit.htm
2022-03-10 13:30:00,CPI m/m,2022-03-09 20:30:00|CPI m/m,,DATE_CORRECTED,https://www.bls.gov/news.release/archives/cpi_03102022.htm,https://www.bls.gov/bls/news-release/cpi.htm
2022-03-15 12:30:00,PPI m/m,2022-03-14 20:30:00|PPI m/m,,DATE_CORRECTED,https://www.bls.gov/news.release/archives/ppi_03152022.htm,https://www.bls.gov/bls/news-release/ppi.htm
2022-03-16 18:00:00,FOMC Statement,2022-03-15 20:30:00|FOMC Statement,2022-03-16 18:00:00|Federal Funds Rate,DATE_CORRECTED_AND_ALIASES_COLLAPSED,https://www.federalreserve.gov/newsevents/pressreleases/monetary20220316a.htm,https://www.federalreserve.gov/newsevents/pressreleases/2022-press-fomc.htm
2022-04-01 12:30:00,Non-Farm Employment Change,2022-03-31 19:30:00|Non-Farm Employment Change,,DATE_CORRECTED,https://www.bls.gov/news.release/archives/empsit_04012022.htm,https://www.bls.gov/bls/news-release/empsit.htm
2022-04-12 12:30:00,CPI m/m,2022-04-11 19:30:00|CPI m/m,,DATE_CORRECTED,https://www.bls.gov/news.release/archives/cpi_04122022.htm,https://www.bls.gov/bls/news-release/cpi.htm
2022-04-13 12:30:00,PPI m/m,2022-04-13 12:30:00|PPI m/m,,DATE_VERIFIED,https://www.bls.gov/news.release/archives/ppi_04132022.htm,https://www.bls.gov/bls/news-release/ppi.htm
2022-05-04 18:00:00,FOMC Statement,2022-05-03 19:30:00|FOMC Statement,2022-05-04 18:00:00|Federal Funds Rate,DATE_CORRECTED_AND_ALIASES_COLLAPSED,https://www.federalreserve.gov/newsevents/pressreleases/monetary20220504a.htm,https://www.federalreserve.gov/newsevents/pressreleases/2022-press-fomc.htm
2022-05-06 12:30:00,Non-Farm Employment Change,2022-05-05 19:30:00|Non-Farm Employment Change,,DATE_CORRECTED,https://www.bls.gov/news.release/archives/empsit_05062022.htm,https://www.bls.gov/bls/news-release/empsit.htm
2022-05-11 12:30:00,CPI m/m,2022-05-10 19:30:00|CPI m/m,,DATE_CORRECTED,https://www.bls.gov/news.release/archives/cpi_05112022.htm,https://www.bls.gov/bls/news-release/cpi.htm
2022-05-12 12:30:00,PPI m/m,2022-05-12 12:30:00|PPI m/m,,DATE_VERIFIED,https://www.bls.gov/news.release/archives/ppi_05122022.htm,https://www.bls.gov/bls/news-release/ppi.htm
2022-06-03 12:30:00,Non-Farm Employment Change,2022-06-02 19:30:00|Non-Farm Employment Change,,DATE_CORRECTED,https://www.bls.gov/news.release/archives/empsit_06032022.htm,https://www.bls.gov/bls/news-release/empsit.htm
2022-06-10 12:30:00,CPI m/m,2022-06-09 19:30:00|CPI m/m,,DATE_CORRECTED,https://www.bls.gov/news.release/archives/cpi_06102022.htm,https://www.bls.gov/bls/news-release/cpi.htm
2022-06-14 12:30:00,PPI m/m,2022-06-13 19:30:00|PPI m/m,,DATE_CORRECTED,https://www.bls.gov/news.release/archives/ppi_06142022.htm,https://www.bls.gov/bls/news-release/ppi.htm
2022-06-15 18:00:00,FOMC Statement,2022-06-14 19:30:00|FOMC Statement,2022-06-15 18:00:00|Federal Funds Rate,DATE_CORRECTED_AND_ALIASES_COLLAPSED,https://www.federalreserve.gov/newsevents/pressreleases/monetary20220615a.htm,https://www.federalreserve.gov/newsevents/pressreleases/2022-press-fomc.htm
2022-07-08 12:30:00,Non-Farm Employment Change,2022-07-07 19:30:00|Non-Farm Employment Change,,DATE_CORRECTED,https://www.bls.gov/news.release/archives/empsit_07082022.htm,https://www.bls.gov/bls/news-release/empsit.htm
2022-07-13 12:30:00,CPI m/m,2022-07-12 19:30:00|CPI m/m,,DATE_CORRECTED,https://www.bls.gov/news.release/archives/cpi_07132022.htm,https://www.bls.gov/bls/news-release/cpi.htm
2022-07-14 12:30:00,PPI m/m,2022-07-13 19:30:00|PPI m/m,,DATE_CORRECTED,https://www.bls.gov/news.release/archives/ppi_07142022.htm,https://www.bls.gov/bls/news-release/ppi.htm
2022-07-27 18:00:00,FOMC Statement,2022-07-26 19:30:00|FOMC Statement,2022-07-27 18:00:00|Federal Funds Rate,DATE_CORRECTED_AND_ALIASES_COLLAPSED,https://www.federalreserve.gov/newsevents/pressreleases/monetary20220727a.htm,https://www.federalreserve.gov/newsevents/pressreleases/2022-press-fomc.htm
2022-08-05 12:30:00,Non-Farm Employment Change,2022-08-04 19:30:00|Non-Farm Employment Change,,DATE_CORRECTED,https://www.bls.gov/news.release/archives/empsit_08052022.htm,https://www.bls.gov/bls/news-release/empsit.htm
2022-08-10 12:30:00,CPI m/m,2022-08-09 19:30:00|CPI m/m,,DATE_CORRECTED,https://www.bls.gov/news.release/archives/cpi_08102022.htm,https://www.bls.gov/bls/news-release/cpi.htm
2022-08-11 12:30:00,PPI m/m,2022-08-11 12:30:00|PPI m/m,,DATE_VERIFIED,https://www.bls.gov/news.release/archives/ppi_08112022.htm,https://www.bls.gov/bls/news-release/ppi.htm
2022-09-02 12:30:00,Non-Farm Employment Change,2022-09-01 19:30:00|Non-Farm Employment Change,,DATE_CORRECTED,https://www.bls.gov/news.release/archives/empsit_09022022.htm,https://www.bls.gov/bls/news-release/empsit.htm
2022-09-13 12:30:00,CPI m/m,2022-09-12 19:30:00|CPI m/m,,DATE_CORRECTED,https://www.bls.gov/news.release/archives/cpi_09132022.htm,https://www.bls.gov/bls/news-release/cpi.htm
2022-09-14 12:30:00,PPI m/m,2022-09-13 19:30:00|PPI m/m,,DATE_CORRECTED,https://www.bls.gov/news.release/archives/ppi_09142022.htm,https://www.bls.gov/bls/news-release/ppi.htm
2022-09-21 18:00:00,FOMC Statement,2022-09-20 19:30:00|FOMC Statement,2022-09-21 18:00:00|Federal Funds Rate,DATE_CORRECTED_AND_ALIASES_COLLAPSED,https://www.federalreserve.gov/newsevents/pressreleases/monetary20220921a.htm,https://www.federalreserve.gov/newsevents/pressreleases/2022-press-fomc.htm
2022-10-07 12:30:00,Non-Farm Employment Change,2022-10-06 20:30:00|Non-Farm Employment Change,,DATE_CORRECTED,https://www.bls.gov/news.release/archives/empsit_10072022.htm,https://www.bls.gov/bls/news-release/empsit.htm
2022-10-12 12:30:00,PPI m/m,2022-10-12 12:30:00|PPI m/m,,DATE_VERIFIED,https://www.bls.gov/news.release/archives/ppi_10122022.htm,https://www.bls.gov/bls/news-release/ppi.htm
2022-10-13 12:30:00,CPI m/m,2022-10-12 20:30:00|CPI m/m,,DATE_CORRECTED,https://www.bls.gov/news.release/archives/cpi_10132022.htm,https://www.bls.gov/bls/news-release/cpi.htm
2022-11-02 18:00:00,FOMC Statement,2022-11-01 20:30:00|Federal Funds Rate,2022-11-01 20:30:00|FOMC Statement,DATE_CORRECTED_AND_ALIASES_COLLAPSED,https://www.federalreserve.gov/newsevents/pressreleases/monetary20221102a.htm,https://www.federalreserve.gov/newsevents/pressreleases/2022-press-fomc.htm
2022-11-04 12:30:00,Non-Farm Employment Change,2022-11-03 20:30:00|Non-Farm Employment Change,,DATE_CORRECTED,https://www.bls.gov/news.release/archives/empsit_11042022.htm,https://www.bls.gov/bls/news-release/empsit.htm
2022-11-10 13:30:00,CPI m/m,2022-11-09 20:30:00|CPI m/m,,DATE_CORRECTED,https://www.bls.gov/news.release/archives/cpi_11102022.htm,https://www.bls.gov/bls/news-release/cpi.htm
2022-11-15 13:30:00,PPI m/m,2022-11-14 20:30:00|PPI m/m,,DATE_CORRECTED,https://www.bls.gov/news.release/archives/ppi_11152022.htm,https://www.bls.gov/bls/news-release/ppi.htm
2022-12-02 13:30:00,Non-Farm Employment Change,2022-12-01 20:30:00|Non-Farm Employment Change,,DATE_CORRECTED,https://www.bls.gov/news.release/archives/empsit_12022022.htm,https://www.bls.gov/bls/news-release/empsit.htm
2022-12-09 13:30:00,PPI m/m,2022-12-08 20:30:00|PPI m/m,,DATE_CORRECTED,https://www.bls.gov/news.release/archives/ppi_12092022.htm,https://www.bls.gov/bls/news-release/ppi.htm
2022-12-13 13:30:00,CPI m/m,2022-12-12 20:30:00|CPI m/m,,DATE_CORRECTED,https://www.bls.gov/news.release/archives/cpi_12132022.htm,https://www.bls.gov/bls/news-release/cpi.htm
2022-12-14 19:00:00,FOMC Statement,2022-12-13 20:30:00|FOMC Statement,2022-12-14 19:00:00|Federal Funds Rate,DATE_CORRECTED_AND_ALIASES_COLLAPSED,https://www.federalreserve.gov/newsevents/pressreleases/monetary20221214a.htm,https://www.federalreserve.gov/newsevents/pressreleases/2022-press-fomc.htm
2023-01-06 13:30:00,Non-Farm Employment Change,2023-01-05 20:30:00|Non-Farm Employment Change,,DATE_CORRECTED,https://www.bls.gov/news.release/archives/empsit_01062023.htm,https://www.bls.gov/bls/news-release/empsit.htm
2023-01-12 13:30:00,CPI m/m,2023-01-11 20:30:00|CPI m/m,,DATE_CORRECTED,https://www.bls.gov/news.release/archives/cpi_01122023.htm,https://www.bls.gov/bls/news-release/cpi.htm
2023-01-18 13:30:00,PPI m/m,2023-01-17 20:30:00|PPI m/m,,DATE_CORRECTED,https://www.bls.gov/news.release/archives/ppi_01182023.htm,https://www.bls.gov/bls/news-release/ppi.htm
2023-02-01 19:00:00,FOMC Statement,2023-01-31 20:30:00|FOMC Statement,2023-02-01 19:00:00|Federal Funds Rate,DATE_CORRECTED_AND_ALIASES_COLLAPSED,https://www.federalreserve.gov/newsevents/pressreleases/monetary20230201a.htm,https://www.federalreserve.gov/newsevents/pressreleases/2023-press-fomc.htm
2023-02-03 13:30:00,Non-Farm Employment Change,2023-02-02 20:30:00|Non-Farm Employment Change,,DATE_CORRECTED,https://www.bls.gov/news.release/archives/empsit_02032023.htm,https://www.bls.gov/bls/news-release/empsit.htm
2023-02-14 13:30:00,CPI m/m,2023-02-13 20:30:00|CPI m/m,,DATE_CORRECTED,https://www.bls.gov/news.release/archives/cpi_02142023.htm,https://www.bls.gov/bls/news-release/cpi.htm
2023-02-16 13:30:00,PPI m/m,2023-02-15 20:30:00|PPI m/m,,DATE_CORRECTED,https://www.bls.gov/news.release/archives/ppi_02162023.htm,https://www.bls.gov/bls/news-release/ppi.htm
2023-03-10 13:30:00,Non-Farm Employment Change,2023-03-09 20:30:00|Non-Farm Employment Change,,DATE_CORRECTED,https://www.bls.gov/news.release/archives/empsit_03102023.htm,https://www.bls.gov/bls/news-release/empsit.htm
2023-03-14 12:30:00,CPI m/m,2023-03-13 20:30:00|CPI m/m,,DATE_CORRECTED,https://www.bls.gov/news.release/archives/cpi_03142023.htm,https://www.bls.gov/bls/news-release/cpi.htm
2023-03-15 12:30:00,PPI m/m,2023-03-14 20:30:00|PPI m/m,,DATE_CORRECTED,https://www.bls.gov/news.release/archives/ppi_03152023.htm,https://www.bls.gov/bls/news-release/ppi.htm
2023-03-22 18:00:00,FOMC Statement,2023-03-21 19:30:00|FOMC Statement,2023-03-22 17:00:00|Federal Funds Rate,DATE_CORRECTED_AND_ALIASES_COLLAPSED,https://www.federalreserve.gov/newsevents/pressreleases/monetary20230322a.htm,https://www.federalreserve.gov/newsevents/pressreleases/2023-press-fomc.htm
2023-04-07 12:30:00,Non-Farm Employment Change,2023-04-06 19:30:00|Non-Farm Employment Change,,DATE_CORRECTED,https://www.bls.gov/news.release/archives/empsit_04072023.htm,https://www.bls.gov/bls/news-release/empsit.htm
2023-04-12 12:30:00,CPI m/m,2023-04-11 19:30:00|CPI m/m,,DATE_CORRECTED,https://www.bls.gov/news.release/archives/cpi_04122023.htm,https://www.bls.gov/bls/news-release/cpi.htm
2023-04-13 12:30:00,PPI m/m,2023-04-12 19:30:00|PPI m/m,,DATE_CORRECTED,https://www.bls.gov/news.release/archives/ppi_04132023.htm,https://www.bls.gov/bls/news-release/ppi.htm
2023-05-03 18:00:00,FOMC Statement,2023-05-02 19:30:00|FOMC Statement,2023-05-03 17:00:00|Federal Funds Rate,DATE_CORRECTED_AND_ALIASES_COLLAPSED,https://www.federalreserve.gov/newsevents/pressreleases/monetary20230503a.htm,https://www.federalreserve.gov/newsevents/pressreleases/2023-press-fomc.htm
2023-05-05 12:30:00,Non-Farm Employment Change,2023-05-04 19:30:00|Non-Farm Employment Change,,DATE_CORRECTED,https://www.bls.gov/news.release/archives/empsit_05052023.htm,https://www.bls.gov/bls/news-release/empsit.htm
2023-05-10 12:30:00,CPI m/m,2023-05-09 19:30:00|CPI m/m,,DATE_CORRECTED,https://www.bls.gov/news.release/archives/cpi_05102023.htm,https://www.bls.gov/bls/news-release/cpi.htm
2023-05-11 12:30:00,PPI m/m,2023-05-10 19:30:00|PPI m/m,,DATE_CORRECTED,https://www.bls.gov/news.release/archives/ppi_05112023.htm,https://www.bls.gov/bls/news-release/ppi.htm
2023-06-02 12:30:00,Non-Farm Employment Change,2023-06-01 19:30:00|Non-Farm Employment Change,,DATE_CORRECTED,https://www.bls.gov/news.release/archives/empsit_06022023.htm,https://www.bls.gov/bls/news-release/empsit.htm
2023-06-13 12:30:00,CPI m/m,2023-06-12 19:30:00|CPI m/m,,DATE_CORRECTED,https://www.bls.gov/news.release/archives/cpi_06132023.htm,https://www.bls.gov/bls/news-release/cpi.htm
2023-06-14 12:30:00,PPI m/m,2023-06-13 19:30:00|PPI m/m,,DATE_CORRECTED,https://www.bls.gov/news.release/archives/ppi_06142023.htm,https://www.bls.gov/bls/news-release/ppi.htm
2023-06-14 18:00:00,FOMC Statement,2023-06-13 19:30:00|FOMC Statement,2023-06-14 17:00:00|Federal Funds Rate,DATE_CORRECTED_AND_ALIASES_COLLAPSED,https://www.federalreserve.gov/newsevents/pressreleases/monetary20230614a.htm,https://www.federalreserve.gov/newsevents/pressreleases/2023-press-fomc.htm
2023-07-07 12:30:00,Non-Farm Employment Change,2023-07-06 19:30:00|Non-Farm Employment Change,,DATE_CORRECTED,https://www.bls.gov/news.release/archives/empsit_07072023.htm,https://www.bls.gov/bls/news-release/empsit.htm
2023-07-12 12:30:00,CPI m/m,2023-07-11 19:30:00|CPI m/m,,DATE_CORRECTED,https://www.bls.gov/news.release/archives/cpi_07122023.htm,https://www.bls.gov/bls/news-release/cpi.htm
2023-07-13 12:30:00,PPI m/m,2023-07-12 19:30:00|PPI m/m,,DATE_CORRECTED,https://www.bls.gov/news.release/archives/ppi_07132023.htm,https://www.bls.gov/bls/news-release/ppi.htm
2023-07-26 18:00:00,FOMC Statement,2023-07-25 19:30:00|FOMC Statement,2023-07-26 17:00:00|Federal Funds Rate,DATE_CORRECTED_AND_ALIASES_COLLAPSED,https://www.federalreserve.gov/newsevents/pressreleases/monetary20230726a.htm,https://www.federalreserve.gov/newsevents/pressreleases/2023-press-fomc.htm
2023-08-04 12:30:00,Non-Farm Employment Change,2023-08-03 19:30:00|Non-Farm Employment Change,,DATE_CORRECTED,https://www.bls.gov/news.release/archives/empsit_08042023.htm,https://www.bls.gov/bls/news-release/empsit.htm
2023-08-10 12:30:00,CPI m/m,2023-08-09 19:30:00|CPI m/m,,DATE_CORRECTED,https://www.bls.gov/news.release/archives/cpi_08102023.htm,https://www.bls.gov/bls/news-release/cpi.htm
2023-08-11 12:30:00,PPI m/m,2023-08-10 19:30:00|PPI m/m,,DATE_CORRECTED,https://www.bls.gov/news.release/archives/ppi_08112023.htm,https://www.bls.gov/bls/news-release/ppi.htm
2023-09-01 12:30:00,Non-Farm Employment Change,2023-08-31 19:30:00|Non-Farm Employment Change,,DATE_CORRECTED,https://www.bls.gov/news.release/archives/empsit_09012023.htm,https://www.bls.gov/bls/news-release/empsit.htm
2023-09-13 12:30:00,CPI m/m,2023-09-12 19:30:00|CPI m/m,,DATE_CORRECTED,https://www.bls.gov/news.release/archives/cpi_09132023.htm,https://www.bls.gov/bls/news-release/cpi.htm
2023-09-14 12:30:00,PPI m/m,2023-09-13 19:30:00|PPI m/m,,DATE_CORRECTED,https://www.bls.gov/news.release/archives/ppi_09142023.htm,https://www.bls.gov/bls/news-release/ppi.htm
2023-09-20 18:00:00,FOMC Statement,2023-09-19 19:30:00|FOMC Statement,2023-09-20 17:00:00|Federal Funds Rate,DATE_CORRECTED_AND_ALIASES_COLLAPSED,https://www.federalreserve.gov/newsevents/pressreleases/monetary20230920a.htm,https://www.federalreserve.gov/newsevents/pressreleases/2023-press-fomc.htm
2023-10-06 12:30:00,Non-Farm Employment Change,2023-10-05 20:30:00|Non-Farm Employment Change,,DATE_CORRECTED,https://www.bls.gov/news.release/archives/empsit_10062023.htm,https://www.bls.gov/bls/news-release/empsit.htm
2023-10-11 12:30:00,PPI m/m,2023-10-10 20:30:00|PPI m/m,,DATE_CORRECTED,https://www.bls.gov/news.release/archives/ppi_10112023.htm,https://www.bls.gov/bls/news-release/ppi.htm
2023-10-12 12:30:00,CPI m/m,2023-10-11 20:30:00|CPI m/m,,DATE_CORRECTED,https://www.bls.gov/news.release/archives/cpi_10122023.htm,https://www.bls.gov/bls/news-release/cpi.htm
2023-11-01 18:00:00,FOMC Statement,2023-10-31 20:30:00|FOMC Statement,2023-11-01 18:00:00|Federal Funds Rate,DATE_CORRECTED_AND_ALIASES_COLLAPSED,https://www.federalreserve.gov/newsevents/pressreleases/monetary20231101a.htm,https://www.federalreserve.gov/newsevents/pressreleases/2023-press-fomc.htm
2023-11-03 12:30:00,Non-Farm Employment Change,2023-11-02 20:30:00|Non-Farm Employment Change,,DATE_CORRECTED,https://www.bls.gov/news.release/archives/empsit_11032023.htm,https://www.bls.gov/bls/news-release/empsit.htm
2023-11-14 13:30:00,CPI m/m,2023-11-13 20:30:00|CPI m/m,,DATE_CORRECTED,https://www.bls.gov/news.release/archives/cpi_11142023.htm,https://www.bls.gov/bls/news-release/cpi.htm
2023-11-15 13:30:00,PPI m/m,2023-11-14 20:30:00|PPI m/m,,DATE_CORRECTED,https://www.bls.gov/news.release/archives/ppi_11152023.htm,https://www.bls.gov/bls/news-release/ppi.htm
2023-12-08 13:30:00,Non-Farm Employment Change,2023-12-07 20:30:00|Non-Farm Employment Change,,DATE_CORRECTED,https://www.bls.gov/news.release/archives/empsit_12082023.htm,https://www.bls.gov/bls/news-release/empsit.htm
2023-12-12 13:30:00,CPI m/m,2023-12-11 20:30:00|CPI m/m,,DATE_CORRECTED,https://www.bls.gov/news.release/archives/cpi_12122023.htm,https://www.bls.gov/bls/news-release/cpi.htm
2023-12-13 13:30:00,PPI m/m,2023-12-12 20:30:00|PPI m/m,,DATE_CORRECTED,https://www.bls.gov/news.release/archives/ppi_12132023.htm,https://www.bls.gov/bls/news-release/ppi.htm
2023-12-13 19:00:00,FOMC Statement,2023-12-12 20:30:00|FOMC Statement,2023-12-13 19:00:00|Federal Funds Rate,DATE_CORRECTED_AND_ALIASES_COLLAPSED,https://www.federalreserve.gov/newsevents/pressreleases/monetary20231213a.htm,https://www.federalreserve.gov/newsevents/pressreleases/2023-press-fomc.htm
2024-01-05 13:30:00,Non-Farm Employment Change,2024-01-04 20:30:00|Non-Farm Employment Change,,DATE_CORRECTED,https://www.bls.gov/news.release/archives/empsit_01052024.htm,https://www.bls.gov/bls/news-release/empsit.htm
2024-01-11 13:30:00,CPI m/m,2024-01-10 20:30:00|CPI m/m,,DATE_CORRECTED,https://www.bls.gov/news.release/archives/cpi_01112024.htm,https://www.bls.gov/bls/news-release/cpi.htm
2024-01-12 13:30:00,PPI m/m,2024-01-11 20:30:00|PPI m/m,,DATE_CORRECTED,https://www.bls.gov/news.release/archives/ppi_01122024.htm,https://www.bls.gov/bls/news-release/ppi.htm
2024-01-31 19:00:00,FOMC Statement,2024-01-30 20:30:00|FOMC Statement,2024-01-31 19:00:00|Federal Funds Rate,DATE_CORRECTED_AND_ALIASES_COLLAPSED,https://www.federalreserve.gov/newsevents/pressreleases/monetary20240131a.htm,https://www.federalreserve.gov/newsevents/pressreleases/2024-press-fomc.htm
2024-02-02 13:30:00,Non-Farm Employment Change,2024-02-01 20:30:00|Non-Farm Employment Change,,DATE_CORRECTED,https://www.bls.gov/news.release/archives/empsit_02022024.htm,https://www.bls.gov/bls/news-release/empsit.htm
2024-02-13 13:30:00,CPI m/m,2024-02-12 20:30:00|CPI m/m,,DATE_CORRECTED,https://www.bls.gov/news.release/archives/cpi_02132024.htm,https://www.bls.gov/bls/news-release/cpi.htm
2024-02-16 13:30:00,PPI m/m,2024-02-15 20:30:00|PPI m/m,,DATE_CORRECTED,https://www.bls.gov/news.release/archives/ppi_02162024.htm,https://www.bls.gov/bls/news-release/ppi.htm
2024-03-08 13:30:00,Non-Farm Employment Change,2024-03-07 20:30:00|Non-Farm Employment Change,,DATE_CORRECTED,https://www.bls.gov/news.release/archives/empsit_03082024.htm,https://www.bls.gov/bls/news-release/empsit.htm
2024-03-12 12:30:00,CPI m/m,2024-03-11 20:30:00|CPI m/m,,DATE_CORRECTED,https://www.bls.gov/news.release/archives/cpi_03122024.htm,https://www.bls.gov/bls/news-release/cpi.htm
2024-03-14 12:30:00,PPI m/m,2024-03-13 20:30:00|PPI m/m,,DATE_CORRECTED,https://www.bls.gov/news.release/archives/ppi_03142024.htm,https://www.bls.gov/bls/news-release/ppi.htm
2024-03-20 18:00:00,FOMC Statement,2024-03-19 20:30:00|FOMC Statement,2024-03-20 18:00:00|Federal Funds Rate,DATE_CORRECTED_AND_ALIASES_COLLAPSED,https://www.federalreserve.gov/newsevents/pressreleases/monetary20240320a.htm,https://www.federalreserve.gov/newsevents/pressreleases/2024-press-fomc.htm
2024-04-05 12:30:00,Non-Farm Employment Change,2024-04-04 19:30:00|Non-Farm Employment Change,,DATE_CORRECTED,https://www.bls.gov/news.release/archives/empsit_04052024.htm,https://www.bls.gov/bls/news-release/empsit.htm
2024-04-10 12:30:00,CPI m/m,2024-04-09 19:30:00|CPI m/m,,DATE_CORRECTED,https://www.bls.gov/news.release/archives/cpi_04102024.htm,https://www.bls.gov/bls/news-release/cpi.htm
2024-04-11 12:30:00,PPI m/m,2024-04-10 19:30:00|PPI m/m,,DATE_CORRECTED,https://www.bls.gov/news.release/archives/ppi_04112024.htm,https://www.bls.gov/bls/news-release/ppi.htm
2024-05-01 18:00:00,FOMC Statement,2024-04-30 19:30:00|FOMC Statement,2024-05-01 17:00:00|Federal Funds Rate,DATE_CORRECTED_AND_ALIASES_COLLAPSED,https://www.federalreserve.gov/newsevents/pressreleases/monetary20240501a.htm,https://www.federalreserve.gov/newsevents/pressreleases/2024-press-fomc.htm
2024-05-03 12:30:00,Non-Farm Employment Change,2024-05-02 19:30:00|Non-Farm Employment Change,,DATE_CORRECTED,https://www.bls.gov/news.release/archives/empsit_05032024.htm,https://www.bls.gov/bls/news-release/empsit.htm
2024-05-14 12:30:00,PPI m/m,2024-05-13 19:30:00|PPI m/m,,DATE_CORRECTED,https://www.bls.gov/news.release/archives/ppi_05142024.htm,https://www.bls.gov/bls/news-release/ppi.htm
2024-05-15 12:30:00,CPI m/m,2024-05-14 19:30:00|CPI m/m,,DATE_CORRECTED,https://www.bls.gov/news.release/archives/cpi_05152024.htm,https://www.bls.gov/bls/news-release/cpi.htm
2024-06-07 12:30:00,Non-Farm Employment Change,2024-06-06 19:30:00|Non-Farm Employment Change,,DATE_CORRECTED,https://www.bls.gov/news.release/archives/empsit_06072024.htm,https://www.bls.gov/bls/news-release/empsit.htm
2024-06-12 12:30:00,CPI m/m,2024-06-11 19:30:00|CPI m/m,,DATE_CORRECTED,https://www.bls.gov/news.release/archives/cpi_06122024.htm,https://www.bls.gov/bls/news-release/cpi.htm
2024-06-12 18:00:00,FOMC Statement,2024-06-11 19:30:00|FOMC Statement,2024-06-12 17:00:00|Federal Funds Rate,DATE_CORRECTED_AND_ALIASES_COLLAPSED,https://www.federalreserve.gov/newsevents/pressreleases/monetary20240612a.htm,https://www.federalreserve.gov/newsevents/pressreleases/2024-press-fomc.htm
2024-06-13 12:30:00,PPI m/m,2024-06-12 19:30:00|PPI m/m,,DATE_CORRECTED,https://www.bls.gov/news.release/archives/ppi_06132024.htm,https://www.bls.gov/bls/news-release/ppi.htm
2024-07-05 12:30:00,Non-Farm Employment Change,2024-07-04 19:30:00|Non-Farm Employment Change,,DATE_CORRECTED,https://www.bls.gov/news.release/archives/empsit_07052024.htm,https://www.bls.gov/bls/news-release/empsit.htm
2024-07-11 12:30:00,CPI m/m,2024-07-10 19:30:00|CPI m/m,,DATE_CORRECTED,https://www.bls.gov/news.release/archives/cpi_07112024.htm,https://www.bls.gov/bls/news-release/cpi.htm
2024-07-12 12:30:00,PPI m/m,2024-07-11 19:30:00|PPI m/m,,DATE_CORRECTED,https://www.bls.gov/news.release/archives/ppi_07122024.htm,https://www.bls.gov/bls/news-release/ppi.htm
2024-07-31 18:00:00,FOMC Statement,2024-07-30 19:30:00|FOMC Statement,2024-07-31 17:00:00|Federal Funds Rate,DATE_CORRECTED_AND_ALIASES_COLLAPSED,https://www.federalreserve.gov/newsevents/pressreleases/monetary20240731a.htm,https://www.federalreserve.gov/newsevents/pressreleases/2024-press-fomc.htm
2024-08-02 12:30:00,Non-Farm Employment Change,2024-08-01 19:30:00|Non-Farm Employment Change,,DATE_CORRECTED,https://www.bls.gov/news.release/archives/empsit_08022024.htm,https://www.bls.gov/bls/news-release/empsit.htm
2024-08-13 12:30:00,PPI m/m,2024-08-12 19:30:00|PPI m/m,,DATE_CORRECTED,https://www.bls.gov/news.release/archives/ppi_08132024.htm,https://www.bls.gov/bls/news-release/ppi.htm
2024-08-14 12:30:00,CPI m/m,2024-08-13 19:30:00|CPI m/m,,DATE_CORRECTED,https://www.bls.gov/news.release/archives/cpi_08142024.htm,https://www.bls.gov/bls/news-release/cpi.htm
2024-09-06 12:30:00,Non-Farm Employment Change,2024-09-05 19:30:00|Non-Farm Employment Change,,DATE_CORRECTED,https://www.bls.gov/news.release/archives/empsit_09062024.htm,https://www.bls.gov/bls/news-release/empsit.htm
2024-09-11 12:30:00,CPI m/m,2024-09-10 19:30:00|CPI m/m,,DATE_CORRECTED,https://www.bls.gov/news.release/archives/cpi_09112024.htm,https://www.bls.gov/bls/news-release/cpi.htm
2024-09-12 12:30:00,PPI m/m,2024-09-11 19:30:00|PPI m/m,,DATE_CORRECTED,https://www.bls.gov/news.release/archives/ppi_09122024.htm,https://www.bls.gov/bls/news-release/ppi.htm
2024-09-18 18:00:00,FOMC Statement,2024-09-17 19:30:00|FOMC Statement,2024-09-18 17:00:00|Federal Funds Rate,DATE_CORRECTED_AND_ALIASES_COLLAPSED,https://www.federalreserve.gov/newsevents/pressreleases/monetary20240918a.htm,https://www.federalreserve.gov/newsevents/pressreleases/2024-press-fomc.htm
2024-10-04 12:30:00,Non-Farm Employment Change,2024-10-03 20:30:00|Non-Farm Employment Change,,DATE_CORRECTED,https://www.bls.gov/news.release/archives/empsit_10042024.htm,https://www.bls.gov/bls/news-release/empsit.htm
2024-10-10 12:30:00,CPI m/m,2024-10-09 20:30:00|CPI m/m,,DATE_CORRECTED,https://www.bls.gov/news.release/archives/cpi_10102024.htm,https://www.bls.gov/bls/news-release/cpi.htm
2024-10-11 12:30:00,PPI m/m,2024-10-10 20:30:00|PPI m/m,,DATE_CORRECTED,https://www.bls.gov/news.release/archives/ppi_10112024.htm,https://www.bls.gov/bls/news-release/ppi.htm
2024-11-01 12:30:00,Non-Farm Employment Change,2024-10-31 20:30:00|Non-Farm Employment Change,,DATE_CORRECTED,https://www.bls.gov/news.release/archives/empsit_11012024.htm,https://www.bls.gov/bls/news-release/empsit.htm
2024-11-07 19:00:00,FOMC Statement,2024-11-06 20:30:00|FOMC Statement,2024-11-07 19:00:00|Federal Funds Rate,DATE_CORRECTED_AND_ALIASES_COLLAPSED,https://www.federalreserve.gov/newsevents/pressreleases/monetary20241107a.htm,https://www.federalreserve.gov/newsevents/pressreleases/2024-press-fomc.htm
2024-11-13 13:30:00,CPI m/m,2024-11-12 20:30:00|CPI m/m,,DATE_CORRECTED,https://www.bls.gov/news.release/archives/cpi_11132024.htm,https://www.bls.gov/bls/news-release/cpi.htm
2024-11-14 13:30:00,PPI m/m,2024-11-13 20:30:00|PPI m/m,,DATE_CORRECTED,https://www.bls.gov/news.release/archives/ppi_11142024.htm,https://www.bls.gov/bls/news-release/ppi.htm
2024-12-06 13:30:00,Non-Farm Employment Change,2024-12-05 20:30:00|Non-Farm Employment Change,,DATE_CORRECTED,https://www.bls.gov/news.release/archives/empsit_12062024.htm,https://www.bls.gov/bls/news-release/empsit.htm
2024-12-11 13:30:00,CPI m/m,2024-12-10 20:30:00|CPI m/m,,DATE_CORRECTED,https://www.bls.gov/news.release/archives/cpi_12112024.htm,https://www.bls.gov/bls/news-release/cpi.htm
2024-12-12 13:30:00,PPI m/m,2024-12-11 20:30:00|PPI m/m,,DATE_CORRECTED,https://www.bls.gov/news.release/archives/ppi_12122024.htm,https://www.bls.gov/bls/news-release/ppi.htm
2024-12-18 19:00:00,FOMC Statement,2024-12-17 20:30:00|FOMC Statement,2024-12-18 19:00:00|Federal Funds Rate,DATE_CORRECTED_AND_ALIASES_COLLAPSED,https://www.federalreserve.gov/newsevents/pressreleases/monetary20241218a.htm,https://www.federalreserve.gov/newsevents/pressreleases/2024-press-fomc.htm
2025-01-10 13:30:00,Non-Farm Employment Change,2025-01-09 20:30:00|Non-Farm Employment Change,,DATE_CORRECTED,https://www.bls.gov/news.release/archives/empsit_01102025.htm,https://www.bls.gov/bls/news-release/empsit.htm
2025-01-14 13:30:00,PPI m/m,2025-01-13 20:30:00|PPI m/m,,DATE_CORRECTED,https://www.bls.gov/news.release/archives/ppi_01142025.htm,https://www.bls.gov/bls/news-release/ppi.htm
2025-01-15 13:30:00,CPI m/m,2025-01-14 20:30:00|CPI m/m,,DATE_CORRECTED,https://www.bls.gov/news.release/archives/cpi_01152025.htm,https://www.bls.gov/bls/news-release/cpi.htm
2025-01-29 19:00:00,FOMC Statement,2025-01-28 20:30:00|FOMC Statement,2025-01-29 19:00:00|Federal Funds Rate,DATE_CORRECTED_AND_ALIASES_COLLAPSED,https://www.federalreserve.gov/newsevents/pressreleases/monetary20250129a.htm,https://www.federalreserve.gov/newsevents/pressreleases/2025-press-fomc.htm
2025-02-07 13:30:00,Non-Farm Employment Change,2025-02-06 20:30:00|Non-Farm Employment Change,,DATE_CORRECTED,https://www.bls.gov/news.release/archives/empsit_02072025.htm,https://www.bls.gov/bls/news-release/empsit.htm
2025-02-12 13:30:00,CPI m/m,2025-02-11 20:30:00|CPI m/m,,DATE_CORRECTED,https://www.bls.gov/news.release/archives/cpi_02122025.htm,https://www.bls.gov/bls/news-release/cpi.htm
2025-02-13 13:30:00,PPI m/m,2025-02-12 20:30:00|PPI m/m,,DATE_CORRECTED,https://www.bls.gov/news.release/archives/ppi_02132025.htm,https://www.bls.gov/bls/news-release/ppi.htm
2025-03-07 13:30:00,Non-Farm Employment Change,2025-03-06 20:30:00|Non-Farm Employment Change,,DATE_CORRECTED,https://www.bls.gov/news.release/archives/empsit_03072025.htm,https://www.bls.gov/bls/news-release/empsit.htm
2025-03-12 12:30:00,CPI m/m,2025-03-11 20:30:00|CPI m/m,,DATE_CORRECTED,https://www.bls.gov/news.release/archives/cpi_03122025.htm,https://www.bls.gov/bls/news-release/cpi.htm
2025-03-13 12:30:00,PPI m/m,2025-03-12 20:30:00|PPI m/m,,DATE_CORRECTED,https://www.bls.gov/news.release/archives/ppi_03132025.htm,https://www.bls.gov/bls/news-release/ppi.htm
2025-03-19 18:00:00,FOMC Statement,2025-03-18 20:30:00|FOMC Statement,2025-03-19 18:00:00|Federal Funds Rate,DATE_CORRECTED_AND_ALIASES_COLLAPSED,https://www.federalreserve.gov/newsevents/pressreleases/monetary20250319a.htm,https://www.federalreserve.gov/newsevents/pressreleases/2025-press-fomc.htm
2025-04-04 12:30:00,Non-Farm Employment Change,2025-04-03 19:30:00|Non-Farm Employment Change,,DATE_CORRECTED,https://www.bls.gov/news.release/archives/empsit_04042025.htm,https://www.bls.gov/bls/news-release/empsit.htm
